"platform","run","implementation","workers","round","calls","admission_ms","drained_ms","calls_per_second","p50_us","p95_us","p99_us"
"Ubuntu-WSL","linux-etherbird-1","etherbird","1","1","2000","120.055","122.450","16659","58.972","77.187","97.567"
"Ubuntu-WSL","linux-etherbird-1","etherbird","1","2","2000","128.579","130.718","15555","62.777","84.960","127.606"
"Ubuntu-WSL","linux-etherbird-1","etherbird","1","3","2000","129.667","131.812","15424","63.223","83.135","150.442"
"Ubuntu-WSL","linux-etherbird-1","etherbird","1","4","2000","129.463","131.630","15448","62.460","82.188","141.307"
"Ubuntu-WSL","linux-etherbird-1","etherbird","1","5","2000","129.869","132.024","15400","62.511","85.450","148.899"
"Ubuntu-WSL","linux-etherbird-1","etherbird","3","1","6000","154.533","156.727","38827","61.317","123.502","176.142"
"Ubuntu-WSL","linux-etherbird-1","etherbird","3","2","6000","155.346","157.518","38624","63.926","125.310","165.373"
"Ubuntu-WSL","linux-etherbird-1","etherbird","3","3","6000","156.216","158.392","38408","63.415","126.557","173.771"
"Ubuntu-WSL","linux-etherbird-1","etherbird","3","4","6000","153.804","155.970","39011","63.132","125.045","168.014"
"Ubuntu-WSL","linux-etherbird-1","etherbird","3","5","6000","155.217","157.356","38656","62.769","125.811","184.276"
"Ubuntu-WSL","linux-etherbird-1","etherbird","16","1","32000","294.121","294.122","108799","124.864","252.651","375.478"
"Ubuntu-WSL","linux-etherbird-1","etherbird","16","2","32000","292.200","292.201","109514","127.778","247.388","330.522"
"Ubuntu-WSL","linux-etherbird-1","etherbird","16","3","32000","287.565","289.694","111279","123.885","239.767","325.068"
"Ubuntu-WSL","linux-etherbird-1","etherbird","16","4","32000","304.387","306.540","105129","131.590","263.819","368.030"
"Ubuntu-WSL","linux-etherbird-1","etherbird","16","5","32000","316.690","318.822","101045","135.216","279.320","412.909"
"Ubuntu-WSL","linux-etherbird-4","etherbird","1","1","2000","128.882","131.043","15518","62.002","82.740","151.865"
"Ubuntu-WSL","linux-etherbird-4","etherbird","1","2","2000","131.216","133.339","15242","63.090","85.001","164.929"
"Ubuntu-WSL","linux-etherbird-4","etherbird","1","3","2000","136.722","138.883","14628","64.494","91.723","157.277"
"Ubuntu-WSL","linux-etherbird-4","etherbird","1","4","2000","129.637","131.817","15428","62.463","84.061","144.373"
"Ubuntu-WSL","linux-etherbird-4","etherbird","1","5","2000","132.862","134.993","15053","63.563","86.618","157.867"
"Ubuntu-WSL","linux-etherbird-4","etherbird","3","1","6000","157.423","159.560","38114","63.140","127.096","199.056"
"Ubuntu-WSL","linux-etherbird-4","etherbird","3","2","6000","154.576","156.773","38816","62.520","127.446","185.656"
"Ubuntu-WSL","linux-etherbird-4","etherbird","3","3","6000","154.613","156.772","38806","62.690","126.756","195.470"
"Ubuntu-WSL","linux-etherbird-4","etherbird","3","4","6000","155.739","157.883","38526","62.280","124.925","182.636"
"Ubuntu-WSL","linux-etherbird-4","etherbird","3","5","6000","153.925","156.101","38980","62.812","127.316","179.375"
"Ubuntu-WSL","linux-etherbird-4","etherbird","16","1","32000","298.647","298.649","107150","127.786","253.092","363.962"
"Ubuntu-WSL","linux-etherbird-4","etherbird","16","2","32000","291.234","291.235","109877","124.505","240.077","334.511"
"Ubuntu-WSL","linux-etherbird-4","etherbird","16","3","32000","289.209","291.320","110647","124.135","242.087","343.495"
"Ubuntu-WSL","linux-etherbird-4","etherbird","16","4","32000","288.676","290.803","110851","123.135","241.348","325.998"
"Ubuntu-WSL","linux-etherbird-4","etherbird","16","5","32000","304.372","306.518","105135","132.178","259.154","382.228"
"Ubuntu-WSL","linux-manual-0","manual","1","1","2000","3.640","5.837","549407","0.283","4.497","49.075"
"Ubuntu-WSL","linux-manual-0","manual","1","2","2000","8.953","11.154","223376","0.302","43.332","49.424"
"Ubuntu-WSL","linux-manual-0","manual","1","3","2000","5.727","7.387","349239","0.303","13.913","52.203"
"Ubuntu-WSL","linux-manual-0","manual","1","4","2000","4.295","5.734","465613","0.323","4.164","48.907"
"Ubuntu-WSL","linux-manual-0","manual","1","5","2000","4.326","5.907","462341","0.283","4.214","45.711"
"Ubuntu-WSL","linux-manual-0","manual","3","1","6000","15.874","17.747","377982","0.635","43.493","132.536"
"Ubuntu-WSL","linux-manual-0","manual","3","2","6000","17.309","19.557","346634","0.897","43.050","96.392"
"Ubuntu-WSL","linux-manual-0","manual","3","3","6000","12.424","14.345","482943","0.857","30.034","129.330"
"Ubuntu-WSL","linux-manual-0","manual","3","4","6000","8.467","11.073","708646","0.404","7.420","55.350"
"Ubuntu-WSL","linux-manual-0","manual","3","5","6000","10.386","59.211","577718","0.958","21.515","58.948"
"Ubuntu-WSL","linux-manual-0","manual","16","1","32000","27.756","34.039","1152885","10.354","49.159","77.489"
"Ubuntu-WSL","linux-manual-0","manual","16","2","32000","28.239","34.437","1133192","10.355","44.864","76.158"
"Ubuntu-WSL","linux-manual-0","manual","16","3","32000","27.118","35.326","1180015","10.253","45.610","69.494"
"Ubuntu-WSL","linux-manual-0","manual","16","4","32000","27.746","33.956","1153301","10.334","50.711","67.316"
"Ubuntu-WSL","linux-manual-0","manual","16","5","32000","35.750","39.719","895093","10.536","53.091","92.179"
"Ubuntu-WSL","linux-manual-5","manual","1","1","2000","8.159","9.619","245123","0.300","42.655","50.445"
"Ubuntu-WSL","linux-manual-5","manual","1","2","2000","2.974","4.643","672401","0.300","2.791","41.885"
"Ubuntu-WSL","linux-manual-5","manual","1","3","2000","19.535","20.840","102382","0.381","43.736","54.740"
"Ubuntu-WSL","linux-manual-5","manual","1","4","2000","11.321","13.521","176659","0.340","43.286","50.959"
"Ubuntu-WSL","linux-manual-5","manual","1","5","2000","4.962","7.285","403068","0.320","4.092","51.138"
"Ubuntu-WSL","linux-manual-5","manual","3","1","6000","9.873","51.533","607704","1.040","15.796","56.360"
"Ubuntu-WSL","linux-manual-5","manual","3","2","6000","8.075","10.271","742999","1.230","6.132","48.988"
"Ubuntu-WSL","linux-manual-5","manual","3","3","6000","11.210","13.866","535221","1.211","24.679","127.946"
"Ubuntu-WSL","linux-manual-5","manual","3","4","6000","9.336","11.583","642682","1.160","6.202","68.005"
"Ubuntu-WSL","linux-manual-5","manual","3","5","6000","11.502","13.827","521660","0.601","24.609","130.607"
"Ubuntu-WSL","linux-manual-5","manual","16","1","32000","35.678","43.760","896922","10.464","46.306","117.553"
"Ubuntu-WSL","linux-manual-5","manual","16","2","32000","26.771","34.833","1195320","10.314","44.807","61.272"
"Ubuntu-WSL","linux-manual-5","manual","16","3","32000","27.747","33.847","1153267","10.414","45.947","65.484"
"Ubuntu-WSL","linux-manual-5","manual","16","4","32000","26.415","32.631","1211446","10.303","41.925","61.392"
"Ubuntu-WSL","linux-manual-5","manual","16","5","32000","27.882","34.318","1147705","10.403","46.736","72.026"
"Ubuntu-WSL","linux-supervisor-2","supervisor","1","1","2000","6.017","8.247","332367","0.370","8.783","54.040"
"Ubuntu-WSL","linux-supervisor-2","supervisor","1","2","2000","4.475","6.602","446967","0.340","4.032","47.337"
"Ubuntu-WSL","linux-supervisor-2","supervisor","1","3","2000","4.599","48.836","434833","0.480","4.201","46.427"
"Ubuntu-WSL","linux-supervisor-2","supervisor","1","4","2000","4.724","7.075","423409","0.350","4.001","58.501"
"Ubuntu-WSL","linux-supervisor-2","supervisor","1","5","2000","3.751","5.986","533234","0.330","2.811","46.547"
"Ubuntu-WSL","linux-supervisor-2","supervisor","3","1","6000","12.025","54.119","498960","1.020","28.061","134.339"
"Ubuntu-WSL","linux-supervisor-2","supervisor","3","2","6000","12.465","13.877","481362","0.540","27.950","93.193"
"Ubuntu-WSL","linux-supervisor-2","supervisor","3","3","6000","11.313","12.642","530363","0.680","28.320","101.457"
"Ubuntu-WSL","linux-supervisor-2","supervisor","3","4","6000","12.637","58.008","474812","1.131","30.821","134.459"
"Ubuntu-WSL","linux-supervisor-2","supervisor","3","5","6000","12.813","15.189","468283","1.151","28.170","62.953"
"Ubuntu-WSL","linux-supervisor-2","supervisor","16","1","32000","28.283","34.481","1131440","10.383","51.509","63.153"
"Ubuntu-WSL","linux-supervisor-2","supervisor","16","2","32000","31.077","38.541","1029706","10.474","51.208","71.103"
"Ubuntu-WSL","linux-supervisor-2","supervisor","16","3","32000","27.457","33.449","1165468","9.954","47.247","66.254"
"Ubuntu-WSL","linux-supervisor-2","supervisor","16","4","32000","28.345","34.143","1128936","10.034","50.928","76.798"
"Ubuntu-WSL","linux-supervisor-2","supervisor","16","5","32000","28.420","36.584","1125959","9.733","43.816","65.823"
"Ubuntu-WSL","linux-supervisor-3","supervisor","1","1","2000","3.958","6.331","505325","0.320","3.831","45.057"
"Ubuntu-WSL","linux-supervisor-3","supervisor","1","2","2000","5.498","7.149","363768","0.311","4.161","45.577"
"Ubuntu-WSL","linux-supervisor-3","supervisor","1","3","2000","11.584","54.591","172656","0.330","43.436","52.929"
"Ubuntu-WSL","linux-supervisor-3","supervisor","1","4","2000","6.899","50.998","289904","0.330","39.977","52.558"
"Ubuntu-WSL","linux-supervisor-3","supervisor","1","5","2000","4.296","6.185","465502","0.350","4.171","46.240"
"Ubuntu-WSL","linux-supervisor-3","supervisor","3","1","6000","14.858","17.164","403830","1.061","32.842","137.050"
"Ubuntu-WSL","linux-supervisor-3","supervisor","3","2","6000","9.832","11.106","610250","0.901","16.096","70.095"
"Ubuntu-WSL","linux-supervisor-3","supervisor","3","3","6000","12.540","14.702","478488","0.881","30.328","130.857"
"Ubuntu-WSL","linux-supervisor-3","supervisor","3","4","6000","12.557","14.747","477835","0.720","27.270","87.682"
"Ubuntu-WSL","linux-supervisor-3","supervisor","3","5","6000","13.013","15.203","461078","0.500","30.191","130.757"
"Ubuntu-WSL","linux-supervisor-3","supervisor","16","1","32000","27.717","35.728","1154513","9.814","50.298","85.191"
"Ubuntu-WSL","linux-supervisor-3","supervisor","16","2","32000","31.710","35.890","1009141","9.453","52.829","87.151"
"Ubuntu-WSL","linux-supervisor-3","supervisor","16","3","32000","28.893","33.676","1107519","9.934","46.306","87.402"
"Ubuntu-WSL","linux-supervisor-3","supervisor","16","4","32000","31.343","35.924","1020959","10.114","51.939","85.551"
"Ubuntu-WSL","linux-supervisor-3","supervisor","16","5","32000","29.335","35.961","1090838","9.964","49.808","70.495"
"Windows","windows-mqtt_without_etherbird-0","manual","1","1","2000","14.496","30.998","137970","8.500","12.600","19.100"
"Windows","windows-mqtt_without_etherbird-0","manual","1","2","2000","14.852","31.573","134658","8.200","11.100","15.500"
"Windows","windows-mqtt_without_etherbird-0","manual","1","3","2000","14.430","15.997","138602","8.500","11.800","16.800"
"Windows","windows-mqtt_without_etherbird-0","manual","1","4","2000","14.262","30.845","140231","8.500","12.700","16.100"
"Windows","windows-mqtt_without_etherbird-0","manual","1","5","2000","14.665","30.824","136378","8.300","12.900","17.700"
"Windows","windows-mqtt_without_etherbird-0","manual","3","1","6000","44.504","47.116","134818","21.700","26.800","44.600"
"Windows","windows-mqtt_without_etherbird-0","manual","3","2","6000","45.193","48.363","132765","21.600","26.600","34.300"
"Windows","windows-mqtt_without_etherbird-0","manual","3","3","6000","43.827","46.152","136901","21.700","26.900","33.700"
"Windows","windows-mqtt_without_etherbird-0","manual","3","4","6000","45.030","48.111","133244","21.500","28.600","49.600"
"Windows","windows-mqtt_without_etherbird-0","manual","3","5","6000","44.342","46.827","135311","21.600","27.200","35.700"
"Windows","windows-mqtt_without_etherbird-0","manual","16","1","32000","236.120","251.804","135524","114.700","125.700","244.000"
"Windows","windows-mqtt_without_etherbird-0","manual","16","2","32000","241.248","249.499","132643","113.700","155.700","318.800"
"Windows","windows-mqtt_without_etherbird-0","manual","16","3","32000","233.163","249.008","137243","113.900","124.200","223.000"
"Windows","windows-mqtt_without_etherbird-0","manual","16","4","32000","236.720","250.225","135181","114.000","125.500","282.900"
"Windows","windows-mqtt_without_etherbird-0","manual","16","5","32000","232.003","236.622","137929","113.800","124.500","193.900"
"Windows","windows-mqtt_without_etherbird-5","manual","1","1","2000","14.485","30.854","138072","8.500","11.900","19.200"
"Windows","windows-mqtt_without_etherbird-5","manual","1","2","2000","14.526","30.553","137688","8.600","12.800","16.700"
"Windows","windows-mqtt_without_etherbird-5","manual","1","3","2000","14.994","31.162","133384","8.100","11.500","16.800"
"Windows","windows-mqtt_without_etherbird-5","manual","1","4","2000","15.234","30.646","131284","7.800","13.400","18.400"
"Windows","windows-mqtt_without_etherbird-5","manual","1","5","2000","14.766","32.372","135446","7.700","10.500","14.200"
"Windows","windows-mqtt_without_etherbird-5","manual","3","1","6000","45.091","61.715","133064","21.600","26.400","43.800"
"Windows","windows-mqtt_without_etherbird-5","manual","3","2","6000","46.557","63.301","128875","22.000","27.000","49.500"
"Windows","windows-mqtt_without_etherbird-5","manual","3","3","6000","44.794","61.320","133945","21.500","28.600","50.100"
"Windows","windows-mqtt_without_etherbird-5","manual","3","4","6000","43.755","47.385","137127","21.800","26.800","35.500"
"Windows","windows-mqtt_without_etherbird-5","manual","3","5","6000","45.101","47.102","133036","22.600","27.200","32.800"
"Windows","windows-mqtt_without_etherbird-5","manual","16","1","32000","235.594","250.915","135827","114.400","127.800","240.000"
"Windows","windows-mqtt_without_etherbird-5","manual","16","2","32000","238.583","247.653","134125","115.100","125.200","265.100"
"Windows","windows-mqtt_without_etherbird-5","manual","16","3","32000","234.386","248.978","136527","114.300","125.600","215.000"
"Windows","windows-mqtt_without_etherbird-5","manual","16","4","32000","236.736","251.484","135172","115.300","127.100","215.900"
"Windows","windows-mqtt_without_etherbird-5","manual","16","5","32000","240.706","247.597","132942","114.300","126.300","266.400"
"Windows","windows-mqtt_with_etherbird-1","etherbird","1","1","2000","14.037","31.472","142485","3.200","14.700","45.400"
"Windows","windows-mqtt_with_etherbird-1","etherbird","1","2","2000","13.289","14.993","150495","3.200","14.000","45.300"
"Windows","windows-mqtt_with_etherbird-1","etherbird","1","3","2000","13.287","15.111","150526","3.300","13.400","20.900"
"Windows","windows-mqtt_with_etherbird-1","etherbird","1","4","2000","14.119","15.703","141651","3.300","14.200","29.600"
"Windows","windows-mqtt_with_etherbird-1","etherbird","1","5","2000","13.490","14.986","148260","3.300","13.900","23.100"
"Windows","windows-mqtt_with_etherbird-1","etherbird","3","1","6000","38.369","47.037","156377","8.800","114.900","124.800"
"Windows","windows-mqtt_with_etherbird-1","etherbird","3","2","6000","38.949","46.117","154047","8.800","115.400","126.700"
"Windows","windows-mqtt_with_etherbird-1","etherbird","3","3","6000","40.636","47.683","147652","8.900","116.200","128.900"
"Windows","windows-mqtt_with_etherbird-1","etherbird","3","4","6000","38.656","45.933","155217","9.100","115.200","128.100"
"Windows","windows-mqtt_with_etherbird-1","etherbird","3","5","6000","38.900","47.684","154240","9.000","114.700","125.500"
"Windows","windows-mqtt_with_etherbird-1","etherbird","16","1","32000","207.688","218.503","154077","63.200","172.200","222.400"
"Windows","windows-mqtt_with_etherbird-1","etherbird","16","2","32000","209.384","218.147","152829","63.800","174.400","251.500"
"Windows","windows-mqtt_with_etherbird-1","etherbird","16","3","32000","208.001","217.009","153846","62.400","173.400","250.100"
"Windows","windows-mqtt_with_etherbird-1","etherbird","16","4","32000","208.371","218.239","153572","62.600","173.500","246.100"
"Windows","windows-mqtt_with_etherbird-1","etherbird","16","5","32000","220.214","220.215","145313","74.100","203.000","337.400"
"Windows","windows-mqtt_with_etherbird-4","etherbird","1","1","2000","14.372","32.284","139163","3.300","14.000","27.800"
"Windows","windows-mqtt_with_etherbird-4","etherbird","1","2","2000","13.868","15.685","144215","3.600","14.600","23.900"
"Windows","windows-mqtt_with_etherbird-4","etherbird","1","3","2000","14.765","31.602","135454","4.800","14.500","23.400"
"Windows","windows-mqtt_with_etherbird-4","etherbird","1","4","2000","13.715","30.804","145827","3.400","14.000","26.800"
"Windows","windows-mqtt_with_etherbird-4","etherbird","1","5","2000","14.084","31.268","142003","3.400","14.000","29.800"
"Windows","windows-mqtt_with_etherbird-4","etherbird","3","1","6000","39.383","46.592","152349","8.800","113.900","124.900"
"Windows","windows-mqtt_with_etherbird-4","etherbird","3","2","6000","39.684","39.684","151195","9.000","113.900","124.800"
"Windows","windows-mqtt_with_etherbird-4","etherbird","3","3","6000","38.416","52.654","156183","8.900","113.400","122.800"
"Windows","windows-mqtt_with_etherbird-4","etherbird","3","4","6000","38.357","46.217","156426","8.600","114.100","124.200"
"Windows","windows-mqtt_with_etherbird-4","etherbird","3","5","6000","39.395","39.395","152306","8.700","113.900","126.500"
"Windows","windows-mqtt_with_etherbird-4","etherbird","16","1","32000","206.601","206.601","154888","63.500","172.300","228.300"
"Windows","windows-mqtt_with_etherbird-4","etherbird","16","2","32000","205.958","222.804","155372","61.800","171.000","255.500"
"Windows","windows-mqtt_with_etherbird-4","etherbird","16","3","32000","207.912","207.912","153911","66.100","174.200","237.900"
"Windows","windows-mqtt_with_etherbird-4","etherbird","16","4","32000","208.234","211.670","153673","61.900","172.000","275.100"
"Windows","windows-mqtt_with_etherbird-4","etherbird","16","5","32000","208.402","208.402","153550","63.100","171.200","264.600"
"Windows","windows-mqtt_with_supervisor-2","supervisor","1","1","2000","15.394","31.090","129924","8.300","11.800","16.400"
"Windows","windows-mqtt_with_supervisor-2","supervisor","1","2","2000","14.182","31.233","141028","8.400","11.400","16.800"
"Windows","windows-mqtt_with_supervisor-2","supervisor","1","3","2000","15.305","29.953","130674","8.400","13.100","22.100"
"Windows","windows-mqtt_with_supervisor-2","supervisor","1","4","2000","15.096","30.291","132483","8.500","13.500","20.600"
"Windows","windows-mqtt_with_supervisor-2","supervisor","1","5","2000","15.615","30.774","128080","8.700","13.400","19.800"
"Windows","windows-mqtt_with_supervisor-2","supervisor","3","1","6000","45.313","62.169","132412","21.300","26.700","47.500"
"Windows","windows-mqtt_with_supervisor-2","supervisor","3","2","6000","48.829","61.045","122877","21.800","43.100","78.400"
"Windows","windows-mqtt_with_supervisor-2","supervisor","3","3","6000","52.525","61.372","114230","22.600","53.300","100.700"
"Windows","windows-mqtt_with_supervisor-2","supervisor","3","4","6000","44.869","47.063","133724","21.700","27.500","50.000"
"Windows","windows-mqtt_with_supervisor-2","supervisor","3","5","6000","47.407","61.087","126564","22.500","27.500","46.900"
"Windows","windows-mqtt_with_supervisor-2","supervisor","16","1","32000","238.621","247.000","134104","116.900","127.400","256.700"
"Windows","windows-mqtt_with_supervisor-2","supervisor","16","2","32000","235.835","252.337","135688","114.800","127.900","248.300"
"Windows","windows-mqtt_with_supervisor-2","supervisor","16","3","32000","239.977","250.941","133346","114.200","128.700","338.300"
"Windows","windows-mqtt_with_supervisor-2","supervisor","16","4","32000","239.638","251.092","133535","116.100","127.200","272.700"
"Windows","windows-mqtt_with_supervisor-2","supervisor","16","5","32000","237.324","249.879","134837","115.100","125.900","268.700"
"Windows","windows-mqtt_with_supervisor-3","supervisor","1","1","2000","15.997","30.894","125025","8.600","12.500","22.000"
"Windows","windows-mqtt_with_supervisor-3","supervisor","1","2","2000","15.190","30.787","131667","7.600","11.200","17.200"
"Windows","windows-mqtt_with_supervisor-3","supervisor","1","3","2000","15.236","30.436","131268","7.600","11.100","18.000"
"Windows","windows-mqtt_with_supervisor-3","supervisor","1","4","2000","15.531","31.277","128773","8.600","11.900","19.700"
"Windows","windows-mqtt_with_supervisor-3","supervisor","1","5","2000","16.171","30.943","123680","7.600","12.800","22.200"
"Windows","windows-mqtt_with_supervisor-3","supervisor","3","1","6000","49.593","61.532","120985","21.500","47.700","92.100"
"Windows","windows-mqtt_with_supervisor-3","supervisor","3","2","6000","43.497","46.924","137941","21.400","25.900","47.500"
"Windows","windows-mqtt_with_supervisor-3","supervisor","3","3","6000","44.861","46.643","133747","21.500","27.600","41.100"
"Windows","windows-mqtt_with_supervisor-3","supervisor","3","4","6000","45.456","62.774","131996","22.500","26.000","45.200"
"Windows","windows-mqtt_with_supervisor-3","supervisor","3","5","6000","45.869","61.933","130807","21.600","27.500","52.700"
"Windows","windows-mqtt_with_supervisor-3","supervisor","16","1","32000","231.206","232.874","138405","112.200","130.900","230.600"
"Windows","windows-mqtt_with_supervisor-3","supervisor","16","2","32000","236.088","249.340","135543","112.900","124.200","327.200"
"Windows","windows-mqtt_with_supervisor-3","supervisor","16","3","32000","243.721","250.366","131298","114.700","165.400","291.800"
"Windows","windows-mqtt_with_supervisor-3","supervisor","16","4","32000","234.484","237.299","136470","114.100","125.000","225.900"
"Windows","windows-mqtt_with_supervisor-3","supervisor","16","5","32000","243.031","251.701","131670","114.600","155.700","364.600"
