"platform","runtime","run","implementation","workers","round","calls","admission_ms","drained_ms","calls_per_second","p50_us","p95_us","p99_us","runtime_workers","worker_parks","worker_busy_ms"
"Ubuntu-WSL","current","linux-current-mqtt_without_etherbird-0","manual","1","1","2000","3.597","5.711","555943","0.211","23.203","24.097","1","3","3.782"
"Ubuntu-WSL","current","linux-current-mqtt_without_etherbird-0","manual","1","2","2000","3.459","5.578","578228","0.211","23.123","23.405","1","3","3.589"
"Ubuntu-WSL","current","linux-current-mqtt_without_etherbird-0","manual","1","3","2000","3.438","5.577","581759","0.211","23.223","28.555","1","3","3.559"
"Ubuntu-WSL","current","linux-current-mqtt_without_etherbird-0","manual","1","4","2000","3.270","5.389","611707","0.211","23.154","23.455","1","3","3.425"
"Ubuntu-WSL","current","linux-current-mqtt_without_etherbird-0","manual","1","5","2000","3.405","5.527","587352","0.211","23.143","23.474","1","3","3.552"
"Ubuntu-WSL","current","linux-current-mqtt_without_etherbird-0","manual","3","1","6000","9.956","12.081","602642","0.211","28.475","30.101","1","3","10.029"
"Ubuntu-WSL","current","linux-current-mqtt_without_etherbird-0","manual","3","2","6000","12.940","14.061","463667","0.241","31.728","42.692","1","3","12.980"
"Ubuntu-WSL","current","linux-current-mqtt_without_etherbird-0","manual","3","3","6000","10.486","12.638","572173","0.221","29.770","34.309","1","3","10.709"
"Ubuntu-WSL","current","linux-current-mqtt_without_etherbird-0","manual","3","4","6000","10.341","12.465","580205","0.221","28.796","31.145","1","3","10.419"
"Ubuntu-WSL","current","linux-current-mqtt_without_etherbird-0","manual","3","5","6000","9.991","12.083","600563","0.211","28.475","31.836","1","3","10.132"
"Ubuntu-WSL","current","linux-current-mqtt_without_etherbird-0","manual","16","1","32000","50.580","52.678","632661","0.228","47.650","69.827","1","3","50.342"
"Ubuntu-WSL","current","linux-current-mqtt_without_etherbird-0","manual","16","2","32000","51.915","53.993","616387","0.228","48.234","72.914","1","3","51.849"
"Ubuntu-WSL","current","linux-current-mqtt_without_etherbird-0","manual","16","3","32000","51.820","53.900","617523","0.228","48.204","65.542","1","3","51.718"
"Ubuntu-WSL","current","linux-current-mqtt_without_etherbird-0","manual","16","4","32000","52.424","54.512","610410","0.228","51.767","74.557","1","3","52.391"
"Ubuntu-WSL","current","linux-current-mqtt_without_etherbird-0","manual","16","5","32000","51.128","53.222","625875","0.228","47.749","82.266","1","3","51.171"
"Ubuntu-WSL","current","linux-current-mqtt_without_etherbird-5","manual","1","1","2000","3.576","5.766","559243","0.219","23.929","24.240","1","3","3.760"
"Ubuntu-WSL","current","linux-current-mqtt_without_etherbird-5","manual","1","2","2000","3.671","5.817","544780","0.219","23.877","24.220","1","3","3.840"
"Ubuntu-WSL","current","linux-current-mqtt_without_etherbird-5","manual","1","3","2000","3.337","5.548","599326","0.219","23.855","24.085","1","3","3.486"
"Ubuntu-WSL","current","linux-current-mqtt_without_etherbird-5","manual","1","4","2000","3.972","6.118","503493","0.229","23.866","32.973","1","3","4.142"
"Ubuntu-WSL","current","linux-current-mqtt_without_etherbird-5","manual","1","5","2000","3.499","5.702","571518","0.219","23.928","24.293","1","3","3.633"
"Ubuntu-WSL","current","linux-current-mqtt_without_etherbird-5","manual","3","1","6000","10.982","13.183","546363","0.229","29.600","37.126","1","3","11.074"
"Ubuntu-WSL","current","linux-current-mqtt_without_etherbird-5","manual","3","2","6000","10.096","11.255","594285","0.229","29.424","31.048","1","3","10.190"
"Ubuntu-WSL","current","linux-current-mqtt_without_etherbird-5","manual","3","3","6000","10.919","13.073","549519","0.229","29.497","31.110","1","3","11.106"
"Ubuntu-WSL","current","linux-current-mqtt_without_etherbird-5","manual","3","4","6000","10.087","12.250","594847","0.229","29.538","31.069","1","3","10.155"
"Ubuntu-WSL","current","linux-current-mqtt_without_etherbird-5","manual","3","5","6000","11.604","13.988","517042","0.229","29.517","36.428","1","3","11.668"
"Ubuntu-WSL","current","linux-current-mqtt_without_etherbird-5","manual","16","1","32000","58.987","61.120","542491","0.239","50.511","90.311","1","3","58.748"
"Ubuntu-WSL","current","linux-current-mqtt_without_etherbird-5","manual","16","2","32000","54.187","56.397","590551","0.239","50.188","88.199","1","3","54.077"
"Ubuntu-WSL","current","linux-current-mqtt_without_etherbird-5","manual","16","3","32000","54.069","56.255","591831","0.239","50.230","79.487","1","3","54.053"
"Ubuntu-WSL","current","linux-current-mqtt_without_etherbird-5","manual","16","4","32000","53.802","56.015","594778","0.239","50.167","72.743","1","3","53.699"
"Ubuntu-WSL","current","linux-current-mqtt_without_etherbird-5","manual","16","5","32000","55.470","57.656","576889","0.239","50.251","81.236","1","3","55.450"
"Ubuntu-WSL","current","linux-current-mqtt_with_etherbird-1","etherbird","1","1","2000","13.439","15.549","148818","5.838","5.937","21.029","1","2","13.032"
"Ubuntu-WSL","current","linux-current-mqtt_with_etherbird-1","etherbird","1","2","2000","13.731","15.801","145657","5.849","5.977","23.780","1","2","13.357"
"Ubuntu-WSL","current","linux-current-mqtt_with_etherbird-1","etherbird","1","3","2000","13.226","15.303","151214","5.849","5.937","11.410","1","2","12.880"
"Ubuntu-WSL","current","linux-current-mqtt_with_etherbird-1","etherbird","1","4","2000","12.485","14.574","160197","5.868","8.213","11.143","1","2","12.018"
"Ubuntu-WSL","current","linux-current-mqtt_with_etherbird-1","etherbird","1","5","2000","14.086","16.250","141989","5.869","6.007","23.651","1","3","13.673"
"Ubuntu-WSL","current","linux-current-mqtt_with_etherbird-1","etherbird","3","1","6000","31.601","33.664","189866","13.795","17.229","46.818","1","2","31.143"
"Ubuntu-WSL","current","linux-current-mqtt_with_etherbird-1","etherbird","3","2","6000","30.824","32.894","194653","13.795","17.982","44.552","1","2","30.436"
"Ubuntu-WSL","current","linux-current-mqtt_with_etherbird-1","etherbird","3","3","6000","28.957","31.022","207203","13.765","15.091","41.336","1","2","28.605"
"Ubuntu-WSL","current","linux-current-mqtt_with_etherbird-1","etherbird","3","4","6000","32.312","34.377","185687","13.785","24.236","58.140","1","2","31.843"
"Ubuntu-WSL","current","linux-current-mqtt_with_etherbird-1","etherbird","3","5","6000","30.904","32.989","194149","13.815","24.077","42.999","1","2","30.508"
"Ubuntu-WSL","current","linux-current-mqtt_with_etherbird-1","etherbird","16","1","32000","121.984","124.061","262329","54.606","82.959","182.157","1","2","121.484"
"Ubuntu-WSL","current","linux-current-mqtt_with_etherbird-1","etherbird","16","2","32000","125.562","127.641","254855","54.626","84.215","275.873","1","2","125.147"
"Ubuntu-WSL","current","linux-current-mqtt_with_etherbird-1","etherbird","16","3","32000","122.339","124.414","261569","54.656","86.225","185.176","1","2","121.865"
"Ubuntu-WSL","current","linux-current-mqtt_with_etherbird-1","etherbird","16","4","32000","117.704","119.791","271868","54.705","78.655","110.710","1","2","117.320"
"Ubuntu-WSL","current","linux-current-mqtt_with_etherbird-1","etherbird","16","5","32000","116.287","118.362","275180","54.814","78.803","108.001","1","2","115.936"
"Ubuntu-WSL","current","linux-current-mqtt_with_etherbird-4","etherbird","1","1","2000","12.257","14.393","163178","5.819","5.918","11.344","1","3","11.880"
"Ubuntu-WSL","current","linux-current-mqtt_with_etherbird-4","etherbird","1","2","2000","12.632","14.692","158332","5.849","7.031","18.552","1","2","12.198"
"Ubuntu-WSL","current","linux-current-mqtt_with_etherbird-4","etherbird","1","3","2000","12.304","14.367","162554","5.839","5.967","12.190","1","2","11.949"
"Ubuntu-WSL","current","linux-current-mqtt_with_etherbird-4","etherbird","1","4","2000","12.241","14.340","163381","5.829","6.775","9.168","1","2","11.814"
"Ubuntu-WSL","current","linux-current-mqtt_with_etherbird-4","etherbird","1","5","2000","12.763","14.843","156702","5.830","7.356","13.008","1","2","12.332"
"Ubuntu-WSL","current","linux-current-mqtt_with_etherbird-4","etherbird","3","1","6000","29.004","31.073","206868","13.845","14.495","35.793","1","2","28.660"
"Ubuntu-WSL","current","linux-current-mqtt_with_etherbird-4","etherbird","3","2","6000","29.739","31.800","201758","13.835","17.006","36.975","1","2","29.418"
"Ubuntu-WSL","current","linux-current-mqtt_with_etherbird-4","etherbird","3","3","6000","29.713","31.803","201935","13.854","16.710","39.013","1","2","29.278"
"Ubuntu-WSL","current","linux-current-mqtt_with_etherbird-4","etherbird","3","4","6000","28.639","30.718","209506","13.825","14.101","33.825","1","2","28.193"
"Ubuntu-WSL","current","linux-current-mqtt_with_etherbird-4","etherbird","3","5","6000","30.063","32.125","199583","13.845","18.975","46.694","1","2","29.679"
"Ubuntu-WSL","current","linux-current-mqtt_with_etherbird-4","etherbird","16","1","32000","115.777","117.853","276394","54.601","78.263","109.469","1","2","115.241"
"Ubuntu-WSL","current","linux-current-mqtt_with_etherbird-4","etherbird","16","2","32000","116.091","118.160","275646","54.720","76.117","95.308","1","2","115.700"
"Ubuntu-WSL","current","linux-current-mqtt_with_etherbird-4","etherbird","16","3","32000","118.948","121.207","269025","57.565","79.600","103.132","1","3","118.517"
"Ubuntu-WSL","current","linux-current-mqtt_with_etherbird-4","etherbird","16","4","32000","121.413","123.585","263563","57.607","81.855","115.723","1","2","120.973"
"Ubuntu-WSL","current","linux-current-mqtt_with_etherbird-4","etherbird","16","5","32000","123.106","125.294","259938","57.679","82.333","101.760","1","2","122.603"
"Ubuntu-WSL","current","linux-current-mqtt_with_supervisor-2","supervisor","1","1","2000","3.619","5.677","552668","0.228","22.769","23.076","1","3","3.795"
"Ubuntu-WSL","current","linux-current-mqtt_with_supervisor-2","supervisor","1","2","2000","3.197","5.300","625524","0.228","22.700","22.918","1","3","3.338"
"Ubuntu-WSL","current","linux-current-mqtt_with_supervisor-2","supervisor","1","3","2000","3.253","5.361","614825","0.228","22.759","23.096","1","3","3.389"
"Ubuntu-WSL","current","linux-current-mqtt_with_supervisor-2","supervisor","1","4","2000","3.502","5.604","571033","0.228","22.759","23.087","1","3","3.647"
"Ubuntu-WSL","current","linux-current-mqtt_with_supervisor-2","supervisor","1","5","2000","3.313","5.409","603742","0.228","22.789","23.097","1","3","3.444"
"Ubuntu-WSL","current","linux-current-mqtt_with_supervisor-2","supervisor","3","1","6000","9.850","11.936","609158","0.226","28.031","30.002","1","3","9.893"
"Ubuntu-WSL","current","linux-current-mqtt_with_supervisor-2","supervisor","3","2","6000","10.206","12.275","587862","0.226","28.061","40.548","1","3","10.416"
"Ubuntu-WSL","current","linux-current-mqtt_with_supervisor-2","supervisor","3","3","6000","9.818","11.914","611151","0.226","28.070","30.094","1","3","9.875"
"Ubuntu-WSL","current","linux-current-mqtt_with_supervisor-2","supervisor","3","4","6000","10.420","12.489","575796","0.226","29.003","41.325","1","3","10.528"
"Ubuntu-WSL","current","linux-current-mqtt_with_supervisor-2","supervisor","3","5","6000","10.010","12.092","599390","0.226","28.119","37.198","1","3","10.145"
"Ubuntu-WSL","current","linux-current-mqtt_with_supervisor-2","supervisor","16","1","32000","51.385","53.468","622750","0.236","49.666","72.843","1","3","51.225"
"Ubuntu-WSL","current","linux-current-mqtt_with_supervisor-2","supervisor","16","2","32000","52.083","54.147","614407","0.236","49.764","69.110","1","3","51.953"
"Ubuntu-WSL","current","linux-current-mqtt_with_supervisor-2","supervisor","16","3","32000","49.953","52.055","640599","0.236","47.160","66.064","1","3","49.868"
"Ubuntu-WSL","current","linux-current-mqtt_with_supervisor-2","supervisor","16","4","32000","50.077","52.149","639014","0.236","47.681","64.433","1","3","50.058"
"Ubuntu-WSL","current","linux-current-mqtt_with_supervisor-2","supervisor","16","5","32000","50.515","52.588","633472","0.236","47.337","69.228","1","3","50.376"
"Ubuntu-WSL","current","linux-current-mqtt_with_supervisor-3","supervisor","1","1","2000","3.284","5.352","609012","0.226","22.402","22.647","1","3","3.488"
"Ubuntu-WSL","current","linux-current-mqtt_with_supervisor-3","supervisor","1","2","2000","3.345","5.459","597905","0.226","22.401","22.824","1","3","3.518"
"Ubuntu-WSL","current","linux-current-mqtt_with_supervisor-3","supervisor","1","3","2000","3.430","5.505","583105","0.226","22.430","27.353","1","3","3.614"
"Ubuntu-WSL","current","linux-current-mqtt_with_supervisor-3","supervisor","1","4","2000","3.215","4.310","622067","0.226","22.362","22.873","1","3","3.362"
"Ubuntu-WSL","current","linux-current-mqtt_with_supervisor-3","supervisor","1","5","2000","3.196","5.285","625696","0.226","22.313","22.578","1","3","3.323"
"Ubuntu-WSL","current","linux-current-mqtt_with_supervisor-3","supervisor","3","1","6000","9.679","11.776","619893","0.226","27.894","29.347","1","3","9.757"
"Ubuntu-WSL","current","linux-current-mqtt_with_supervisor-3","supervisor","3","2","6000","9.776","11.867","613723","0.226","27.943","29.839","1","3","9.923"
"Ubuntu-WSL","current","linux-current-mqtt_with_supervisor-3","supervisor","3","3","6000","9.623","11.723","623537","0.226","27.874","29.603","1","3","9.688"
"Ubuntu-WSL","current","linux-current-mqtt_with_supervisor-3","supervisor","3","4","6000","9.512","11.612","630798","0.226","27.579","29.426","1","3","9.589"
"Ubuntu-WSL","current","linux-current-mqtt_with_supervisor-3","supervisor","3","5","6000","9.767","11.870","614289","0.226","28.316","30.752","1","3","9.835"
"Ubuntu-WSL","current","linux-current-mqtt_with_supervisor-3","supervisor","16","1","32000","51.518","53.622","621146","0.236","47.377","67.842","1","3","51.287"
"Ubuntu-WSL","current","linux-current-mqtt_with_supervisor-3","supervisor","16","2","32000","50.428","52.504","634563","0.236","48.654","68.549","1","3","50.450"
"Ubuntu-WSL","current","linux-current-mqtt_with_supervisor-3","supervisor","16","3","32000","51.477","53.544","621636","0.236","51.139","70.318","1","3","51.352"
"Ubuntu-WSL","current","linux-current-mqtt_with_supervisor-3","supervisor","16","4","32000","51.355","53.424","623116","0.236","50.639","72.902","1","3","51.319"
"Ubuntu-WSL","current","linux-current-mqtt_with_supervisor-3","supervisor","16","5","32000","52.054","54.134","614752","0.237","47.102","71.988","1","3","51.922"
"Ubuntu-WSL","default","linux-default-mqtt_without_etherbird-0","manual","1","1","2000","3.711","5.270","538866","0.316","3.877","43.597","16","93","5.193"
"Ubuntu-WSL","default","linux-default-mqtt_without_etherbird-0","manual","1","2","2000","3.749","6.282","533529","0.325","3.766","44.229","16","91","5.443"
"Ubuntu-WSL","default","linux-default-mqtt_without_etherbird-0","manual","1","3","2000","7.929","9.646","252250","0.448","43.882","58.507","16","182","10.733"
"Ubuntu-WSL","default","linux-default-mqtt_without_etherbird-0","manual","1","4","2000","8.798","10.407","227318","0.346","44.066","54.345","16","190","11.680"
"Ubuntu-WSL","default","linux-default-mqtt_without_etherbird-0","manual","1","5","2000","4.989","7.237","400889","0.336","6.650","45.846","16","91","7.264"
"Ubuntu-WSL","default","linux-default-mqtt_without_etherbird-0","manual","3","1","6000","15.677","18.291","382727","0.794","40.052","133.394","16","359","23.207"
"Ubuntu-WSL","default","linux-default-mqtt_without_etherbird-0","manual","3","2","6000","18.333","62.649","327272","0.855","49.776","130.950","16","459","26.419"
"Ubuntu-WSL","default","linux-default-mqtt_without_etherbird-0","manual","3","3","6000","10.882","13.067","551357","0.784","26.966","72.934","16","210","16.500"
"Ubuntu-WSL","default","linux-default-mqtt_without_etherbird-0","manual","3","4","6000","16.503","18.770","363564","1.100","42.699","133.648","16","347","23.071"
"Ubuntu-WSL","default","linux-default-mqtt_without_etherbird-0","manual","3","5","6000","20.916","67.060","286859","0.927","56.855","133.770","16","506","29.705"
"Ubuntu-WSL","default","linux-default-mqtt_without_etherbird-0","manual","16","1","32000","27.881","33.750","1147748","10.743","45.347","77.099","16","753","59.384"
"Ubuntu-WSL","default","linux-default-mqtt_without_etherbird-0","manual","16","2","32000","29.574","37.354","1082025","10.723","48.453","86.417","16","787","62.409"
"Ubuntu-WSL","default","linux-default-mqtt_without_etherbird-0","manual","16","3","32000","27.290","33.439","1172578","10.631","42.129","70.246","16","754","58.540"
"Ubuntu-WSL","default","linux-default-mqtt_without_etherbird-0","manual","16","4","32000","31.547","39.224","1014349","10.785","44.105","71.621","16","829","63.647"
"Ubuntu-WSL","default","linux-default-mqtt_without_etherbird-0","manual","16","5","32000","30.778","37.748","1039711","10.733","50.154","82.425","16","820","65.571"
"Ubuntu-WSL","default","linux-default-mqtt_without_etherbird-5","manual","1","1","2000","5.055","7.172","395672","0.293","5.816","45.273","16","130","7.398"
"Ubuntu-WSL","default","linux-default-mqtt_without_etherbird-5","manual","1","2","2000","3.272","5.383","611241","0.302","3.503","41.047","16","84","5.103"
"Ubuntu-WSL","default","linux-default-mqtt_without_etherbird-5","manual","1","3","2000","6.953","8.565","287651","0.341","29.981","58.448","16","165","9.804"
"Ubuntu-WSL","default","linux-default-mqtt_without_etherbird-5","manual","1","4","2000","14.283","16.513","140030","0.391","44.417","57.159","16","307","19.012"
"Ubuntu-WSL","default","linux-default-mqtt_without_etherbird-5","manual","1","5","2000","6.629","8.271","301686","0.332","34.515","49.164","16","161","8.896"
"Ubuntu-WSL","default","linux-default-mqtt_without_etherbird-5","manual","3","1","6000","15.544","17.782","386005","0.819","40.100","134.580","16","364","23.217"
"Ubuntu-WSL","default","linux-default-mqtt_without_etherbird-5","manual","3","2","6000","12.242","14.441","490119","0.917","26.350","90.361","16","247","17.518"
"Ubuntu-WSL","default","linux-default-mqtt_without_etherbird-5","manual","3","3","6000","9.395","10.907","638605","0.800","15.361","54.760","16","189","14.342"
"Ubuntu-WSL","default","linux-default-mqtt_without_etherbird-5","manual","3","4","6000","12.999","15.205","461569","0.791","36.946","107.634","16","311","18.861"
"Ubuntu-WSL","default","linux-default-mqtt_without_etherbird-5","manual","3","5","6000","9.475","11.743","633230","0.703","17.039","66.519","16","223","15.201"
"Ubuntu-WSL","default","linux-default-mqtt_without_etherbird-5","manual","16","1","32000","28.597","32.929","1119009","10.237","43.855","71.523","16","771","58.864"
"Ubuntu-WSL","default","linux-default-mqtt_without_etherbird-5","manual","16","2","32000","30.683","36.388","1042932","10.325","48.012","73.789","16","784","62.325"
"Ubuntu-WSL","default","linux-default-mqtt_without_etherbird-5","manual","16","3","32000","28.136","33.873","1137348","10.277","46.464","67.690","16","770","58.730"
"Ubuntu-WSL","default","linux-default-mqtt_without_etherbird-5","manual","16","4","32000","27.610","34.988","1159018","10.424","45.732","66.072","16","761","58.633"
"Ubuntu-WSL","default","linux-default-mqtt_without_etherbird-5","manual","16","5","32000","28.270","33.872","1131956","10.454","43.625","77.774","16","760","58.846"
"Ubuntu-WSL","default","linux-default-mqtt_with_etherbird-1","etherbird","1","1","2000","132.515","132.516","15093","62.951","88.179","191.358","16","5330","184.604"
"Ubuntu-WSL","default","linux-default-mqtt_with_etherbird-1","etherbird","1","2","2000","133.058","135.270","15031","62.948","92.439","176.928","16","5479","184.207"
"Ubuntu-WSL","default","linux-default-mqtt_with_etherbird-1","etherbird","1","3","2000","131.993","134.152","15152","63.799","88.240","150.247","16","5377","181.516"
"Ubuntu-WSL","default","linux-default-mqtt_with_etherbird-1","etherbird","1","4","2000","135.064","137.262","14808","63.603","99.515","166.894","16","5530","183.337"
"Ubuntu-WSL","default","linux-default-mqtt_with_etherbird-1","etherbird","1","5","2000","138.113","140.304","14481","65.446","91.785","161.639","16","5521","188.902"
"Ubuntu-WSL","default","linux-default-mqtt_with_etherbird-1","etherbird","3","1","6000","160.185","160.186","37457","63.969","131.767","217.582","16","7762","277.150"
"Ubuntu-WSL","default","linux-default-mqtt_with_etherbird-1","etherbird","3","2","6000","155.701","157.897","38535","64.012","128.049","187.852","16","7671","270.822"
"Ubuntu-WSL","default","linux-default-mqtt_with_etherbird-1","etherbird","3","3","6000","162.413","162.414","36943","63.937","130.252","226.150","16","7809","278.917"
"Ubuntu-WSL","default","linux-default-mqtt_with_etherbird-1","etherbird","3","4","6000","161.919","164.089","37055","64.439","131.920","199.544","16","7789","282.466"
"Ubuntu-WSL","default","linux-default-mqtt_with_etherbird-1","etherbird","3","5","6000","157.820","160.026","38018","65.099","127.682","166.207","16","7707","274.987"
"Ubuntu-WSL","default","linux-default-mqtt_with_etherbird-1","etherbird","16","1","32000","303.202","303.203","105540","129.743","257.763","347.289","16","15937","631.780"
"Ubuntu-WSL","default","linux-default-mqtt_with_etherbird-1","etherbird","16","2","32000","303.293","303.294","105508","130.140","258.354","396.056","16","16177","627.647"
"Ubuntu-WSL","default","linux-default-mqtt_with_etherbird-1","etherbird","16","3","32000","302.177","304.322","105898","129.748","260.954","400.891","16","16153","622.857"
"Ubuntu-WSL","default","linux-default-mqtt_with_etherbird-1","etherbird","16","4","32000","316.596","316.597","101075","137.835","277.989","395.941","16","16809","654.623"
"Ubuntu-WSL","default","linux-default-mqtt_with_etherbird-1","etherbird","16","5","32000","319.516","321.646","100151","138.287","280.065","395.797","16","16917","665.335"
"Ubuntu-WSL","default","linux-default-mqtt_with_etherbird-4","etherbird","1","1","2000","129.089","131.236","15493","61.702","86.693","143.852","16","5243","178.677"
"Ubuntu-WSL","default","linux-default-mqtt_with_etherbird-4","etherbird","1","2","2000","128.325","130.457","15585","62.273","82.843","139.775","16","5231","178.169"
"Ubuntu-WSL","default","linux-default-mqtt_with_etherbird-4","etherbird","1","3","2000","134.490","136.604","14871","64.212","96.006","152.452","16","5282","186.945"
"Ubuntu-WSL","default","linux-default-mqtt_with_etherbird-4","etherbird","1","4","2000","123.667","125.752","16172","59.817","82.685","121.014","16","5355","177.156"
"Ubuntu-WSL","default","linux-default-mqtt_with_etherbird-4","etherbird","1","5","2000","119.885","121.991","16683","58.455","78.975","119.186","16","5339","171.663"
"Ubuntu-WSL","default","linux-default-mqtt_with_etherbird-4","etherbird","3","1","6000","148.101","150.183","40513","58.255","121.507","165.738","16","7846","260.024"
"Ubuntu-WSL","default","linux-default-mqtt_with_etherbird-4","etherbird","3","2","6000","145.194","147.272","41324","59.159","117.300","170.635","16","7750","250.591"
"Ubuntu-WSL","default","linux-default-mqtt_with_etherbird-4","etherbird","3","3","6000","144.622","146.708","41488","58.716","116.012","172.907","16","7784","249.169"
"Ubuntu-WSL","default","linux-default-mqtt_with_etherbird-4","etherbird","3","4","6000","145.125","145.126","41344","57.122","119.732","181.231","16","7718","255.021"
"Ubuntu-WSL","default","linux-default-mqtt_with_etherbird-4","etherbird","3","5","6000","146.945","148.997","40832","58.026","118.927","180.624","16","7649","254.318"
"Ubuntu-WSL","default","linux-default-mqtt_with_etherbird-4","etherbird","16","1","32000","299.980","299.982","106674","129.642","253.169","398.619","16","16362","617.812"
"Ubuntu-WSL","default","linux-default-mqtt_with_etherbird-4","etherbird","16","2","32000","288.161","288.163","111049","124.877","245.636","349.208","16","16103","596.475"
"Ubuntu-WSL","default","linux-default-mqtt_with_etherbird-4","etherbird","16","3","32000","288.519","290.616","110911","125.229","241.428","370.475","16","15967","595.425"
"Ubuntu-WSL","default","linux-default-mqtt_with_etherbird-4","etherbird","16","4","32000","297.415","299.532","107594","128.543","255.346","385.413","16","16275","609.342"
"Ubuntu-WSL","default","linux-default-mqtt_with_etherbird-4","etherbird","16","5","32000","289.103","291.234","110687","121.503","254.114","399.778","16","16394","593.351"
"Ubuntu-WSL","default","linux-default-mqtt_with_supervisor-2","supervisor","1","1","2000","4.428","6.206","451677","0.349","4.007","46.947","16","86","6.382"
"Ubuntu-WSL","default","linux-default-mqtt_with_supervisor-2","supervisor","1","2","2000","4.004","46.761","499559","0.379","3.170","44.753","16","144","6.562"
"Ubuntu-WSL","default","linux-default-mqtt_with_supervisor-2","supervisor","1","3","2000","7.573","51.795","264096","0.339","43.916","45.661","16","219","10.808"
"Ubuntu-WSL","default","linux-default-mqtt_with_supervisor-2","supervisor","1","4","2000","7.063","8.483","283178","0.379","29.190","63.137","16","144","8.949"
"Ubuntu-WSL","default","linux-default-mqtt_with_supervisor-2","supervisor","1","5","2000","4.001","5.765","499813","0.418","2.971","43.876","16","86","6.008"
"Ubuntu-WSL","default","linux-default-mqtt_with_supervisor-2","supervisor","3","1","6000","12.808","15.632","468446","0.697","32.232","107.989","16","308","19.864"
"Ubuntu-WSL","default","linux-default-mqtt_with_supervisor-2","supervisor","3","2","6000","17.390","19.565","345032","0.747","50.365","133.621","16","357","24.137"
"Ubuntu-WSL","default","linux-default-mqtt_with_supervisor-2","supervisor","3","3","6000","19.345","21.736","310158","0.887","56.348","135.345","16","418","27.027"
"Ubuntu-WSL","default","linux-default-mqtt_with_supervisor-2","supervisor","3","4","6000","17.468","19.668","343478","0.888","41.523","134.777","16","388","25.006"
"Ubuntu-WSL","default","linux-default-mqtt_with_supervisor-2","supervisor","3","5","6000","8.145","10.344","736660","0.758","5.354","57.484","16","180","13.982"
"Ubuntu-WSL","default","linux-default-mqtt_with_supervisor-2","supervisor","16","1","32000","31.942","39.768","1001822","10.438","50.595","103.054","16","866","65.611"
"Ubuntu-WSL","default","linux-default-mqtt_with_supervisor-2","supervisor","16","2","32000","30.920","37.072","1034932","10.668","51.692","80.892","16","795","63.451"
"Ubuntu-WSL","default","linux-default-mqtt_with_supervisor-2","supervisor","16","3","32000","28.038","32.820","1141322","10.149","47.933","80.992","16","733","58.432"
"Ubuntu-WSL","default","linux-default-mqtt_with_supervisor-2","supervisor","16","4","32000","33.494","37.299","955394","10.040","52.491","90.792","16","826","64.362"
"Ubuntu-WSL","default","linux-default-mqtt_with_supervisor-2","supervisor","16","5","32000","32.310","36.841","990402","10.180","48.272","75.523","16","851","63.954"
"Ubuntu-WSL","default","linux-default-mqtt_with_supervisor-3","supervisor","1","1","2000","3.534","5.728","565972","0.320","3.020","44.658","16","81","5.198"
"Ubuntu-WSL","default","linux-default-mqtt_with_supervisor-3","supervisor","1","2","2000","5.494","50.100","364016","0.320","7.781","43.302","16","172","8.289"
"Ubuntu-WSL","default","linux-default-mqtt_with_supervisor-3","supervisor","1","3","2000","3.930","6.045","508969","0.320","3.540","42.951","16","90","5.688"
"Ubuntu-WSL","default","linux-default-mqtt_with_supervisor-3","supervisor","1","4","2000","4.785","7.058","417946","0.310","5.630","46.084","16","115","7.093"
"Ubuntu-WSL","default","linux-default-mqtt_with_supervisor-3","supervisor","1","5","2000","6.107","48.974","327481","0.360","15.181","58.242","16","182","8.771"
"Ubuntu-WSL","default","linux-default-mqtt_with_supervisor-3","supervisor","3","1","6000","8.864","11.799","676897","0.570","6.000","61.412","16","181","13.467"
"Ubuntu-WSL","default","linux-default-mqtt_with_supervisor-3","supervisor","3","2","6000","11.873","14.548","505335","0.500","29.061","99.594","16","264","17.501"
"Ubuntu-WSL","default","linux-default-mqtt_with_supervisor-3","supervisor","3","3","6000","10.567","11.772","567831","0.970","16.461","86.916","16","232","16.608"
"Ubuntu-WSL","default","linux-default-mqtt_with_supervisor-3","supervisor","3","4","6000","11.940","57.817","502526","1.030","27.321","129.414","16","322","18.703"
"Ubuntu-WSL","default","linux-default-mqtt_with_supervisor-3","supervisor","3","5","6000","19.108","20.995","314009","0.760","51.452","104.414","16","432","27.539"
"Ubuntu-WSL","default","linux-default-mqtt_with_supervisor-3","supervisor","16","1","32000","27.791","38.193","1151461","10.150","48.732","83.273","16","760","61.673"
"Ubuntu-WSL","default","linux-default-mqtt_with_supervisor-3","supervisor","16","2","32000","30.991","37.141","1032571","10.210","51.602","83.057","16","782","62.859"
"Ubuntu-WSL","default","linux-default-mqtt_with_supervisor-3","supervisor","16","3","32000","35.015","38.930","913881","10.051","52.861","99.404","16","834","68.365"
"Ubuntu-WSL","default","linux-default-mqtt_with_supervisor-3","supervisor","16","4","32000","26.945","33.271","1187595","9.590","42.302","69.572","16","751","57.542"
"Ubuntu-WSL","default","linux-default-mqtt_with_supervisor-3","supervisor","16","5","32000","28.788","36.727","1111574","10.130","47.742","72.233","16","793","60.585"
"Ubuntu-WSL","two","linux-two-mqtt_without_etherbird-0","manual","1","1","2000","3.687","6.364","542395","0.468","2.716","45.286","2","51","5.693"
"Ubuntu-WSL","two","linux-two-mqtt_without_etherbird-0","manual","1","2","2000","15.746","59.999","127018","0.468","45.494","57.724","2","368","20.624"
"Ubuntu-WSL","two","linux-two-mqtt_without_etherbird-0","manual","1","3","2000","4.956","7.330","403546","0.312","4.455","46.566","2","76","6.613"
"Ubuntu-WSL","two","linux-two-mqtt_without_etherbird-0","manual","1","4","2000","10.358","54.778","193095","0.354","44.755","48.523","2","248","13.263"
"Ubuntu-WSL","two","linux-two-mqtt_without_etherbird-0","manual","1","5","2000","11.332","57.586","176486","0.385","45.109","54.352","2","260","15.003"
"Ubuntu-WSL","two","linux-two-mqtt_without_etherbird-0","manual","3","1","6000","17.386","19.609","345096","1.321","41.706","105.393","2","242","23.101"
"Ubuntu-WSL","two","linux-two-mqtt_without_etherbird-0","manual","3","2","6000","16.962","64.108","353741","1.343","36.803","124.815","2","306","23.159"
"Ubuntu-WSL","two","linux-two-mqtt_without_etherbird-0","manual","3","3","6000","8.856","10.715","677532","1.156","6.661","56.902","2","99","12.727"
"Ubuntu-WSL","two","linux-two-mqtt_without_etherbird-0","manual","3","4","6000","22.669","24.571","264681","0.458","115.926","146.016","2","433","30.340"
"Ubuntu-WSL","two","linux-two-mqtt_without_etherbird-0","manual","3","5","6000","10.754","13.239","557908","1.145","14.519","71.213","2","139","15.797"
"Ubuntu-WSL","two","linux-two-mqtt_without_etherbird-0","manual","16","1","32000","33.896","79.879","944061","11.001","55.007","79.508","2","241","55.358"
"Ubuntu-WSL","two","linux-two-mqtt_without_etherbird-0","manual","16","2","32000","32.072","33.742","997765","10.991","49.355","80.590","2","164","54.721"
"Ubuntu-WSL","two","linux-two-mqtt_without_etherbird-0","manual","16","3","32000","36.165","78.508","884832","10.731","47.336","171.683","2","304","59.221"
"Ubuntu-WSL","two","linux-two-mqtt_without_etherbird-0","manual","16","4","32000","29.842","31.693","1072304","10.647","52.156","80.341","2","134","50.449"
"Ubuntu-WSL","two","linux-two-mqtt_without_etherbird-0","manual","16","5","32000","28.154","29.512","1136590","10.946","39.364","69.232","2","107","48.434"
"Ubuntu-WSL","two","linux-two-mqtt_without_etherbird-5","manual","1","1","2000","3.197","5.817","625650","0.318","3.551","41.004","2","56","4.517"
"Ubuntu-WSL","two","linux-two-mqtt_without_etherbird-5","manual","1","2","2000","5.588","7.750","357911","0.408","4.397","47.085","2","82","6.995"
"Ubuntu-WSL","two","linux-two-mqtt_without_etherbird-5","manual","1","3","2000","12.756","14.449","156793","0.328","42.924","52.971","2","273","16.367"
"Ubuntu-WSL","two","linux-two-mqtt_without_etherbird-5","manual","1","4","2000","3.057","4.913","654134","0.298","3.631","40.377","2","60","4.371"
"Ubuntu-WSL","two","linux-two-mqtt_without_etherbird-5","manual","1","5","2000","5.461","7.918","366212","0.308","7.630","45.511","2","103","7.329"
"Ubuntu-WSL","two","linux-two-mqtt_without_etherbird-5","manual","3","1","6000","26.261","28.235","228476","1.253","84.854","130.374","2","500","33.912"
"Ubuntu-WSL","two","linux-two-mqtt_without_etherbird-5","manual","3","2","6000","12.492","14.015","480294","1.273","26.093","128.066","2","176","17.400"
"Ubuntu-WSL","two","linux-two-mqtt_without_etherbird-5","manual","3","3","6000","10.089","12.469","594715","1.273","15.260","96.472","2","127","13.815"
"Ubuntu-WSL","two","linux-two-mqtt_without_etherbird-5","manual","3","4","6000","27.489","29.974","218269","1.313","52.902","130.086","2","537","36.548"
"Ubuntu-WSL","two","linux-two-mqtt_without_etherbird-5","manual","3","5","6000","16.477","18.172","364149","1.224","41.750","128.722","2","279","22.387"
"Ubuntu-WSL","two","linux-two-mqtt_without_etherbird-5","manual","16","1","32000","43.807","46.075","730480","10.645","55.465","427.327","2","435","66.250"
"Ubuntu-WSL","two","linux-two-mqtt_without_etherbird-5","manual","16","2","32000","32.543","34.518","983315","10.828","42.886","69.061","2","179","55.612"
"Ubuntu-WSL","two","linux-two-mqtt_without_etherbird-5","manual","16","3","32000","39.546","41.171","809180","10.696","50.620","214.815","2","332","61.898"
"Ubuntu-WSL","two","linux-two-mqtt_without_etherbird-5","manual","16","4","32000","40.529","42.826","789556","10.472","54.009","225.113","2","331","61.615"
"Ubuntu-WSL","two","linux-two-mqtt_without_etherbird-5","manual","16","5","32000","32.573","77.866","982424","10.614","47.700","86.921","2","257","53.642"
"Ubuntu-WSL","two","linux-two-mqtt_with_etherbird-1","etherbird","1","1","2000","158.118","158.118","12649","78.656","105.416","222.332","2","5491","142.886"
"Ubuntu-WSL","two","linux-two-mqtt_with_etherbird-1","etherbird","1","2","2000","157.036","157.037","12736","77.520","112.162","168.363","2","5348","146.164"
"Ubuntu-WSL","two","linux-two-mqtt_with_etherbird-1","etherbird","1","3","2000","158.653","158.654","12606","80.408","106.928","174.798","2","5672","142.652"
"Ubuntu-WSL","two","linux-two-mqtt_with_etherbird-1","etherbird","1","4","2000","164.132","166.345","12185","83.931","110.400","155.540","2","5652","147.315"
"Ubuntu-WSL","two","linux-two-mqtt_with_etherbird-1","etherbird","1","5","2000","163.378","163.379","12242","82.806","117.541","172.709","2","5532","149.509"
"Ubuntu-WSL","two","linux-two-mqtt_with_etherbird-1","etherbird","3","1","6000","142.476","142.477","42112","47.323","102.360","168.217","2","5135","190.844"
"Ubuntu-WSL","two","linux-two-mqtt_with_etherbird-1","etherbird","3","2","6000","145.247","145.248","41309","48.022","104.658","160.957","2","5198","191.590"
"Ubuntu-WSL","two","linux-two-mqtt_with_etherbird-1","etherbird","3","3","6000","141.175","141.175","42501","48.325","102.391","152.408","2","5341","186.693"
"Ubuntu-WSL","two","linux-two-mqtt_with_etherbird-1","etherbird","3","4","6000","131.751","133.839","45540","43.569","97.501","156.283","2","5336","174.620"
"Ubuntu-WSL","two","linux-two-mqtt_with_etherbird-1","etherbird","3","5","6000","129.126","129.127","46466","45.004","95.968","160.965","2","5094","170.534"
"Ubuntu-WSL","two","linux-two-mqtt_with_etherbird-1","etherbird","16","1","32000","226.028","226.029","141575","92.434","190.885","285.922","2","8780","358.757"
"Ubuntu-WSL","two","linux-two-mqtt_with_etherbird-1","etherbird","16","2","32000","242.633","242.634","131887","95.537","218.022","393.865","2","8723","378.007"
"Ubuntu-WSL","two","linux-two-mqtt_with_etherbird-1","etherbird","16","3","32000","223.513","223.514","143168","92.098","184.810","287.998","2","8668","358.412"
"Ubuntu-WSL","two","linux-two-mqtt_with_etherbird-1","etherbird","16","4","32000","225.306","225.307","142029","92.534","194.145","350.811","2","8736","359.488"
"Ubuntu-WSL","two","linux-two-mqtt_with_etherbird-1","etherbird","16","5","32000","225.038","225.039","142198","92.801","186.366","253.638","2","9084","357.815"
"Ubuntu-WSL","two","linux-two-mqtt_with_etherbird-4","etherbird","1","1","2000","152.401","154.627","13123","77.211","102.977","137.673","2","5639","138.381"
"Ubuntu-WSL","two","linux-two-mqtt_with_etherbird-4","etherbird","1","2","2000","151.486","151.487","13203","76.225","104.162","147.076","2","5734","137.541"
"Ubuntu-WSL","two","linux-two-mqtt_with_etherbird-4","etherbird","1","3","2000","155.648","155.649","12849","78.131","107.767","150.821","2","5680","140.791"
"Ubuntu-WSL","two","linux-two-mqtt_with_etherbird-4","etherbird","1","4","2000","157.175","157.176","12725","79.522","101.391","140.114","2","5720","140.558"
"Ubuntu-WSL","two","linux-two-mqtt_with_etherbird-4","etherbird","1","5","2000","158.381","158.382","12628","78.479","111.630","185.461","2","5621","142.436"
"Ubuntu-WSL","two","linux-two-mqtt_with_etherbird-4","etherbird","3","1","6000","139.271","139.271","43082","52.369","99.901","166.333","2","5356","183.227"
"Ubuntu-WSL","two","linux-two-mqtt_with_etherbird-4","etherbird","3","2","6000","138.116","138.117","43442","46.698","99.861","191.947","2","5264","182.546"
"Ubuntu-WSL","two","linux-two-mqtt_with_etherbird-4","etherbird","3","3","6000","137.649","137.650","43589","49.300","100.358","172.640","2","5182","181.587"
"Ubuntu-WSL","two","linux-two-mqtt_with_etherbird-4","etherbird","3","4","6000","135.830","135.831","44173","46.351","101.031","189.667","2","5059","180.509"
"Ubuntu-WSL","two","linux-two-mqtt_with_etherbird-4","etherbird","3","5","6000","132.688","132.688","45219","43.438","93.567","158.923","2","5336","174.625"
"Ubuntu-WSL","two","linux-two-mqtt_with_etherbird-4","etherbird","16","1","32000","228.807","228.808","139856","95.455","194.548","276.103","2","9512","369.789"
"Ubuntu-WSL","two","linux-two-mqtt_with_etherbird-4","etherbird","16","2","32000","237.716","237.717","134614","101.240","192.719","262.737","2","9043","379.193"
"Ubuntu-WSL","two","linux-two-mqtt_with_etherbird-4","etherbird","16","3","32000","226.521","228.621","141267","94.720","182.759","288.620","2","8872","362.585"
"Ubuntu-WSL","two","linux-two-mqtt_with_etherbird-4","etherbird","16","4","32000","238.262","238.263","134306","96.692","207.995","330.948","2","9497","378.499"
"Ubuntu-WSL","two","linux-two-mqtt_with_etherbird-4","etherbird","16","5","32000","229.550","229.551","139403","95.159","193.660","341.304","2","8890","367.700"
"Ubuntu-WSL","two","linux-two-mqtt_with_supervisor-2","supervisor","1","1","2000","6.178","49.602","323725","0.446","17.214","49.255","2","177","8.312"
"Ubuntu-WSL","two","linux-two-mqtt_with_supervisor-2","supervisor","1","2","2000","4.752","47.285","420907","0.466","4.708","44.290","2","119","6.694"
"Ubuntu-WSL","two","linux-two-mqtt_with_supervisor-2","supervisor","1","3","2000","10.702","54.544","186884","0.387","44.340","48.829","2","297","13.830"
"Ubuntu-WSL","two","linux-two-mqtt_with_supervisor-2","supervisor","1","4","2000","8.883","11.746","225144","0.446","43.992","50.990","2","175","11.670"
"Ubuntu-WSL","two","linux-two-mqtt_with_supervisor-2","supervisor","1","5","2000","2.889","5.195","692297","0.337","2.705","42.248","2","38","4.335"
"Ubuntu-WSL","two","linux-two-mqtt_with_supervisor-2","supervisor","3","1","6000","10.736","12.919","558891","1.110","9.891","131.462","2","119","15.133"
"Ubuntu-WSL","two","linux-two-mqtt_with_supervisor-2","supervisor","3","2","6000","15.731","18.072","381422","1.170","43.130","123.315","2","243","21.410"
"Ubuntu-WSL","two","linux-two-mqtt_with_supervisor-2","supervisor","3","3","6000","7.291","9.155","822961","0.923","5.586","53.091","2","81","11.357"
"Ubuntu-WSL","two","linux-two-mqtt_with_supervisor-2","supervisor","3","4","6000","13.075","57.610","458888","0.813","11.281","115.151","2","217","18.010"
"Ubuntu-WSL","two","linux-two-mqtt_with_supervisor-2","supervisor","3","5","6000","23.280","68.377","257727","1.320","74.819","135.848","2","439","30.998"
"Ubuntu-WSL","two","linux-two-mqtt_with_supervisor-2","supervisor","16","1","32000","32.641","34.854","980368","10.626","52.942","78.312","2","200","53.722"
"Ubuntu-WSL","two","linux-two-mqtt_with_supervisor-2","supervisor","16","2","32000","31.499","33.047","1015893","10.517","50.670","101.975","2","184","52.303"
"Ubuntu-WSL","two","linux-two-mqtt_with_supervisor-2","supervisor","16","3","32000","42.151","43.875","759170","10.209","54.400","366.219","2","438","64.621"
"Ubuntu-WSL","two","linux-two-mqtt_with_supervisor-2","supervisor","16","4","32000","31.674","34.093","1010282","10.021","45.322","94.554","2","229","52.565"
"Ubuntu-WSL","two","linux-two-mqtt_with_supervisor-2","supervisor","16","5","32000","31.794","34.203","1006495","8.969","38.020","105.329","2","225","53.147"
"Ubuntu-WSL","two","linux-two-mqtt_with_supervisor-3","supervisor","1","1","2000","3.186","5.598","627662","0.317","3.542","37.134","2","44","4.673"
"Ubuntu-WSL","two","linux-two-mqtt_with_supervisor-3","supervisor","1","2","2000","3.025","4.595","661063","0.436","2.569","37.366","2","46","4.256"
"Ubuntu-WSL","two","linux-two-mqtt_with_supervisor-3","supervisor","1","3","2000","4.462","5.705","448185","0.317","4.147","43.854","2","70","6.013"
"Ubuntu-WSL","two","linux-two-mqtt_with_supervisor-3","supervisor","1","4","2000","7.438","9.072","268878","0.318","42.753","48.914","2","156","10.123"
"Ubuntu-WSL","two","linux-two-mqtt_with_supervisor-3","supervisor","1","5","2000","3.490","47.925","573012","0.457","2.550","43.139","2","107","5.053"
"Ubuntu-WSL","two","linux-two-mqtt_with_supervisor-3","supervisor","3","1","6000","15.047","17.011","398754","1.241","38.218","130.023","2","232","20.453"
"Ubuntu-WSL","two","linux-two-mqtt_with_supervisor-3","supervisor","3","2","6000","8.491","11.029","706622","1.230","6.092","52.386","2","97","12.477"
"Ubuntu-WSL","two","linux-two-mqtt_with_supervisor-3","supervisor","3","3","6000","11.585","13.825","517894","0.953","26.263","128.863","2","146","16.087"
"Ubuntu-WSL","two","linux-two-mqtt_with_supervisor-3","supervisor","3","4","6000","8.575","10.253","699744","1.221","5.962","55.175","2","92","12.299"
"Ubuntu-WSL","two","linux-two-mqtt_with_supervisor-3","supervisor","3","5","6000","7.479","9.969","802274","1.260","5.407","49.103","2","62","11.434"
"Ubuntu-WSL","two","linux-two-mqtt_with_supervisor-3","supervisor","16","1","32000","35.175","36.683","909730","10.101","50.739","112.611","2","296","55.886"
"Ubuntu-WSL","two","linux-two-mqtt_with_supervisor-3","supervisor","16","2","32000","26.066","28.053","1227672","10.140","37.494","64.064","2","125","47.010"
"Ubuntu-WSL","two","linux-two-mqtt_with_supervisor-3","supervisor","16","3","32000","34.362","36.241","931274","10.278","53.468","140.957","2","245","55.461"
"Ubuntu-WSL","two","linux-two-mqtt_with_supervisor-3","supervisor","16","4","32000","30.135","73.826","1061881","10.239","50.372","88.511","2","216","50.403"
"Ubuntu-WSL","two","linux-two-mqtt_with_supervisor-3","supervisor","16","5","32000","31.493","33.157","1016098","9.941","50.114","103.781","2","220","51.939"
"Windows","current","windows-current-mqtt_without_etherbird-0","manual","1","1","2000","15.230","30.586","131321","0.300","120.100","122.100","1","3","15.124"
"Windows","current","windows-current-mqtt_without_etherbird-0","manual","1","2","2000","14.634","31.506","136664","0.300","119.000","121.800","1","4","14.540"
"Windows","current","windows-current-mqtt_without_etherbird-0","manual","1","3","2000","14.814","30.905","135009","0.300","119.100","119.500","1","3","14.720"
"Windows","current","windows-current-mqtt_without_etherbird-0","manual","1","4","2000","14.651","31.109","136509","0.300","118.700","120.100","1","4","14.530"
"Windows","current","windows-current-mqtt_without_etherbird-0","manual","1","5","2000","14.799","30.807","135142","0.300","119.000","119.500","1","3","14.678"
"Windows","current","windows-current-mqtt_without_etherbird-0","manual","3","1","6000","44.883","61.900","133681","0.300","133.600","145.300","1","3","44.263"
"Windows","current","windows-current-mqtt_without_etherbird-0","manual","3","2","6000","44.126","45.572","135975","0.300","133.900","138.900","1","3","43.555"
"Windows","current","windows-current-mqtt_without_etherbird-0","manual","3","3","6000","44.486","46.153","134874","0.300","134.500","141.000","1","3","43.883"
"Windows","current","windows-current-mqtt_without_etherbird-0","manual","3","4","6000","45.409","63.319","132132","0.300","134.300","139.400","1","4","44.819"
"Windows","current","windows-current-mqtt_without_etherbird-0","manual","3","5","6000","44.897","47.089","133639","0.300","134.400","140.100","1","3","44.377"
"Windows","current","windows-current-mqtt_without_etherbird-0","manual","16","1","32000","247.023","251.412","129542","0.300","239.100","307.600","1","3","243.646"
"Windows","current","windows-current-mqtt_without_etherbird-0","manual","16","2","32000","236.478","249.514","135319","0.300","231.700","240.400","1","3","234.014"
"Windows","current","windows-current-mqtt_without_etherbird-0","manual","16","3","32000","243.121","248.056","131621","0.300","233.800","346.700","1","3","240.569"
"Windows","current","windows-current-mqtt_without_etherbird-0","manual","16","4","32000","248.141","249.604","128959","0.300","233.800","339.000","1","3","245.254"
"Windows","current","windows-current-mqtt_without_etherbird-0","manual","16","5","32000","240.947","249.082","132809","0.300","233.400","278.900","1","3","237.838"
"Windows","current","windows-current-mqtt_without_etherbird-5","manual","1","1","2000","16.236","31.227","123186","0.300","118.600","123.900","1","3","15.980"
"Windows","current","windows-current-mqtt_without_etherbird-5","manual","1","2","2000","16.244","31.440","123122","0.300","118.500","121.500","1","3","16.127"
"Windows","current","windows-current-mqtt_without_etherbird-5","manual","1","3","2000","14.546","31.166","137490","0.300","118.800","119.400","1","3","14.433"
"Windows","current","windows-current-mqtt_without_etherbird-5","manual","1","4","2000","14.866","30.817","134533","0.300","118.900","119.500","1","3","14.777"
"Windows","current","windows-current-mqtt_without_etherbird-5","manual","1","5","2000","14.870","30.914","134498","0.300","118.800","119.400","1","3","14.770"
"Windows","current","windows-current-mqtt_without_etherbird-5","manual","3","1","6000","44.767","60.863","134028","0.300","133.300","139.000","1","3","44.217"
"Windows","current","windows-current-mqtt_without_etherbird-5","manual","3","2","6000","46.628","63.456","128678","0.300","133.200","139.800","1","3","46.050"
"Windows","current","windows-current-mqtt_without_etherbird-5","manual","3","3","6000","47.495","61.670","126330","0.300","133.400","142.500","1","3","46.253"
"Windows","current","windows-current-mqtt_without_etherbird-5","manual","3","4","6000","44.548","46.521","134685","0.300","133.700","140.500","1","3","44.004"
"Windows","current","windows-current-mqtt_without_etherbird-5","manual","3","5","6000","45.316","47.483","132403","0.300","134.500","145.700","1","3","44.755"
"Windows","current","windows-current-mqtt_without_etherbird-5","manual","16","1","32000","239.065","248.790","133855","0.300","232.700","262.400","1","3","236.403"
"Windows","current","windows-current-mqtt_without_etherbird-5","manual","16","2","32000","240.646","249.215","132975","0.300","231.900","272.700","1","3","238.093"
"Windows","current","windows-current-mqtt_without_etherbird-5","manual","16","3","32000","243.986","246.326","131155","0.300","232.700","337.700","1","3","241.320"
"Windows","current","windows-current-mqtt_without_etherbird-5","manual","16","4","32000","241.591","249.329","132455","0.300","232.100","286.500","1","3","238.457"
"Windows","current","windows-current-mqtt_without_etherbird-5","manual","16","5","32000","239.361","249.766","133689","0.300","232.000","276.400","1","3","236.768"
"Windows","current","windows-current-mqtt_with_etherbird-1","etherbird","1","1","2000","24.531","31.286","81528","11.900","12.400","18.100","1","2","20.687"
"Windows","current","windows-current-mqtt_with_etherbird-1","etherbird","1","2","2000","23.468","31.775","85221","11.600","11.800","14.300","1","2","19.775"
"Windows","current","windows-current-mqtt_with_etherbird-1","etherbird","1","3","2000","24.428","31.415","81874","11.600","11.800","15.700","1","2","20.276"
"Windows","current","windows-current-mqtt_with_etherbird-1","etherbird","1","4","2000","25.483","30.810","78483","11.600","16.700","24.200","1","2","21.581"
"Windows","current","windows-current-mqtt_with_etherbird-1","etherbird","1","5","2000","25.116","31.783","79629","11.700","14.700","19.200","1","2","21.214"
"Windows","current","windows-current-mqtt_with_etherbird-1","etherbird","3","1","6000","62.110","79.002","96603","30.200","30.600","36.500","1","2","58.314"
"Windows","current","windows-current-mqtt_with_etherbird-1","etherbird","3","2","6000","63.541","77.860","94427","30.200","31.100","55.800","1","2","59.685"
"Windows","current","windows-current-mqtt_with_etherbird-1","etherbird","3","3","6000","61.340","77.666","97815","30.200","31.100","37.100","1","3","57.566"
"Windows","current","windows-current-mqtt_with_etherbird-1","etherbird","3","4","6000","63.984","77.627","93773","30.200","33.400","68.400","1","2","59.967"
"Windows","current","windows-current-mqtt_with_etherbird-1","etherbird","3","5","6000","61.908","76.417","96918","30.200","30.800","57.600","1","2","58.045"
"Windows","current","windows-current-mqtt_with_etherbird-1","etherbird","16","1","32000","311.525","314.546","102720","151.200","170.900","266.600","1","2","307.241"
"Windows","current","windows-current-mqtt_with_etherbird-1","etherbird","16","2","32000","315.442","329.500","101445","151.200","174.400","316.200","1","2","310.696"
"Windows","current","windows-current-mqtt_with_etherbird-1","etherbird","16","3","32000","315.909","327.258","101295","151.300","179.200","305.200","1","2","311.348"
"Windows","current","windows-current-mqtt_with_etherbird-1","etherbird","16","4","32000","327.573","338.115","97688","151.500","231.800","407.800","1","2","322.396"
"Windows","current","windows-current-mqtt_with_etherbird-1","etherbird","16","5","32000","320.157","328.881","99951","151.300","180.200","416.400","1","2","315.225"
"Windows","current","windows-current-mqtt_with_etherbird-4","etherbird","1","1","2000","24.827","31.432","80556","11.900","12.400","30.500","1","2","20.923"
"Windows","current","windows-current-mqtt_with_etherbird-4","etherbird","1","2","2000","25.636","30.890","78014","11.600","14.600","24.100","1","2","21.715"
"Windows","current","windows-current-mqtt_with_etherbird-4","etherbird","1","3","2000","25.649","31.607","77976","11.600","16.800","23.800","1","2","21.735"
"Windows","current","windows-current-mqtt_with_etherbird-4","etherbird","1","4","2000","23.893","31.525","83708","11.600","12.700","17.100","1","2","20.099"
"Windows","current","windows-current-mqtt_with_etherbird-4","etherbird","1","5","2000","24.233","30.620","82532","11.700","14.600","17.300","1","2","20.405"
"Windows","current","windows-current-mqtt_with_etherbird-4","etherbird","3","1","6000","62.641","77.793","95784","30.200","30.800","51.900","1","2","58.789"
"Windows","current","windows-current-mqtt_with_etherbird-4","etherbird","3","2","6000","64.005","77.889","93742","30.200","32.400","61.600","1","2","59.929"
"Windows","current","windows-current-mqtt_with_etherbird-4","etherbird","3","3","6000","62.108","78.933","96606","30.200","30.800","61.200","1","2","58.255"
"Windows","current","windows-current-mqtt_with_etherbird-4","etherbird","3","4","6000","63.321","79.263","94755","30.200","35.300","61.500","1","2","58.631"
"Windows","current","windows-current-mqtt_with_etherbird-4","etherbird","3","5","6000","61.317","77.219","97852","30.200","31.000","37.800","1","2","57.498"
"Windows","current","windows-current-mqtt_with_etherbird-4","etherbird","16","1","32000","312.527","314.303","102391","150.900","168.300","306.400","1","2","308.078"
"Windows","current","windows-current-mqtt_with_etherbird-4","etherbird","16","2","32000","312.810","328.587","102299","151.100","166.600","312.800","1","2","308.481"
"Windows","current","windows-current-mqtt_with_etherbird-4","etherbird","16","3","32000","309.006","313.962","103558","150.800","165.600","231.500","1","2","304.176"
"Windows","current","windows-current-mqtt_with_etherbird-4","etherbird","16","4","32000","311.345","313.688","102780","151.000","164.600","303.200","1","2","307.117"
"Windows","current","windows-current-mqtt_with_etherbird-4","etherbird","16","5","32000","311.202","325.156","102827","150.900","161.500","303.100","1","2","306.910"
"Windows","current","windows-current-mqtt_with_supervisor-2","supervisor","1","1","2000","15.372","30.661","130106","0.300","120.300","122.800","1","3","15.341"
"Windows","current","windows-current-mqtt_with_supervisor-2","supervisor","1","2","2000","14.800","30.739","135133","0.300","118.500","119.100","1","3","14.731"
"Windows","current","windows-current-mqtt_with_supervisor-2","supervisor","1","3","2000","14.854","30.538","134644","0.300","118.900","121.800","1","3","14.705"
"Windows","current","windows-current-mqtt_with_supervisor-2","supervisor","1","4","2000","14.819","31.037","134966","0.300","118.600","122.400","1","3","14.677"
"Windows","current","windows-current-mqtt_with_supervisor-2","supervisor","1","5","2000","15.080","30.853","132629","0.300","118.700","119.400","1","3","15.089"
"Windows","current","windows-current-mqtt_with_supervisor-2","supervisor","3","1","6000","46.394","61.542","129326","0.300","133.900","142.300","1","3","45.811"
"Windows","current","windows-current-mqtt_with_supervisor-2","supervisor","3","2","6000","45.479","60.642","131930","0.300","134.300","141.600","1","3","44.924"
"Windows","current","windows-current-mqtt_with_supervisor-2","supervisor","3","3","6000","45.043","47.213","133206","0.300","135.000","143.000","1","3","44.472"
"Windows","current","windows-current-mqtt_with_supervisor-2","supervisor","3","4","6000","44.529","46.697","134743","0.300","134.700","141.400","1","3","43.996"
"Windows","current","windows-current-mqtt_with_supervisor-2","supervisor","3","5","6000","44.745","62.009","134092","0.300","134.000","141.300","1","3","44.217"
"Windows","current","windows-current-mqtt_with_supervisor-2","supervisor","16","1","32000","244.007","248.208","131144","0.300","233.800","308.300","1","3","241.296"
"Windows","current","windows-current-mqtt_with_supervisor-2","supervisor","16","2","32000","243.928","249.658","131186","0.300","233.100","289.500","1","3","241.141"
"Windows","current","windows-current-mqtt_with_supervisor-2","supervisor","16","3","32000","246.503","262.417","129816","0.300","234.200","331.200","1","3","243.554"
"Windows","current","windows-current-mqtt_with_supervisor-2","supervisor","16","4","32000","239.427","249.145","133652","0.300","233.300","261.400","1","3","236.772"
"Windows","current","windows-current-mqtt_with_supervisor-2","supervisor","16","5","32000","241.366","250.491","132579","0.300","234.000","285.900","1","3","238.740"
"Windows","current","windows-current-mqtt_with_supervisor-3","supervisor","1","1","2000","15.369","31.484","130135","0.300","119.100","121.200","1","3","15.257"
"Windows","current","windows-current-mqtt_with_supervisor-3","supervisor","1","2","2000","15.255","30.824","131107","0.300","118.300","118.900","1","3","15.133"
"Windows","current","windows-current-mqtt_with_supervisor-3","supervisor","1","3","2000","16.404","30.393","121921","0.300","119.100","120.700","1","3","15.621"
"Windows","current","windows-current-mqtt_with_supervisor-3","supervisor","1","4","2000","15.014","31.780","133211","0.300","118.300","120.400","1","3","14.872"
"Windows","current","windows-current-mqtt_with_supervisor-3","supervisor","1","5","2000","14.595","30.502","137032","0.300","118.500","119.100","1","3","14.467"
"Windows","current","windows-current-mqtt_with_supervisor-3","supervisor","3","1","6000","45.213","46.998","132705","0.300","133.300","139.700","1","3","44.622"
"Windows","current","windows-current-mqtt_with_supervisor-3","supervisor","3","2","6000","45.637","61.855","131472","0.300","137.100","167.800","1","3","45.080"
"Windows","current","windows-current-mqtt_with_supervisor-3","supervisor","3","3","6000","46.086","47.823","130192","0.300","133.800","147.400","1","3","45.504"
"Windows","current","windows-current-mqtt_with_supervisor-3","supervisor","3","4","6000","44.792","46.953","133954","0.300","133.400","138.700","1","3","44.250"
"Windows","current","windows-current-mqtt_with_supervisor-3","supervisor","3","5","6000","44.347","47.441","135297","0.300","133.300","139.000","1","3","43.856"
"Windows","current","windows-current-mqtt_with_supervisor-3","supervisor","16","1","32000","240.231","248.200","133205","0.300","232.800","271.600","1","3","237.452"
"Windows","current","windows-current-mqtt_with_supervisor-3","supervisor","16","2","32000","241.595","250.531","132453","0.300","232.700","289.200","1","3","238.933"
"Windows","current","windows-current-mqtt_with_supervisor-3","supervisor","16","3","32000","244.104","252.125","131091","0.300","233.400","300.800","1","3","240.975"
"Windows","current","windows-current-mqtt_with_supervisor-3","supervisor","16","4","32000","242.566","250.582","131923","0.300","233.400","292.300","1","3","240.013"
"Windows","current","windows-current-mqtt_with_supervisor-3","supervisor","16","5","32000","239.998","249.738","133335","0.300","233.400","281.600","1","3","237.452"
"Windows","default","windows-default-mqtt_without_etherbird-0","manual","1","1","2000","14.776","31.422","135358","8.600","12.100","19.100","16","3515","19.148"
"Windows","default","windows-default-mqtt_without_etherbird-0","manual","1","2","2000","14.880","30.878","134412","8.500","10.800","15.300","16","3531","19.071"
"Windows","default","windows-default-mqtt_without_etherbird-0","manual","1","3","2000","15.324","31.521","130517","8.700","13.000","20.800","16","3568","19.598"
"Windows","default","windows-default-mqtt_without_etherbird-0","manual","1","4","2000","15.823","30.922","126397","8.300","12.200","16.600","16","3636","20.088"
"Windows","default","windows-default-mqtt_without_etherbird-0","manual","1","5","2000","14.642","30.749","136594","7.900","10.500","15.200","16","3364","18.825"
"Windows","default","windows-default-mqtt_without_etherbird-0","manual","3","1","6000","45.503","61.254","131859","21.500","27.400","39.100","16","10620","57.659"
"Windows","default","windows-default-mqtt_without_etherbird-0","manual","3","2","6000","45.034","46.953","133232","22.300","26.900","38.100","16","10477","57.170"
"Windows","default","windows-default-mqtt_without_etherbird-0","manual","3","3","6000","45.231","62.129","132652","21.900","27.900","49.500","16","10705","57.523"
"Windows","default","windows-default-mqtt_without_etherbird-0","manual","3","4","6000","45.367","47.549","132254","22.400","27.300","59.100","16","10304","57.214"
"Windows","default","windows-default-mqtt_without_etherbird-0","manual","3","5","6000","45.396","61.664","132171","22.500","26.900","49.900","16","10501","57.567"
"Windows","default","windows-default-mqtt_without_etherbird-0","manual","16","1","32000","234.488","250.292","136468","114.000","132.300","236.100","16","54329","300.477"
"Windows","default","windows-default-mqtt_without_etherbird-0","manual","16","2","32000","236.297","249.997","135423","114.400","139.700","239.300","16","54001","301.748"
"Windows","default","windows-default-mqtt_without_etherbird-0","manual","16","3","32000","241.224","252.229","132657","113.300","147.000","389.800","16","56305","305.662"
"Windows","default","windows-default-mqtt_without_etherbird-0","manual","16","4","32000","235.649","249.775","135795","113.300","128.700","300.900","16","54587","300.587"
"Windows","default","windows-default-mqtt_without_etherbird-0","manual","16","5","32000","235.418","249.031","135928","114.200","150.100","241.000","16","53229","302.443"
"Windows","default","windows-default-mqtt_without_etherbird-5","manual","1","1","2000","14.542","16.001","137535","8.600","10.600","15.000","16","3384","19.043"
"Windows","default","windows-default-mqtt_without_etherbird-5","manual","1","2","2000","14.306","30.497","139804","8.500","10.800","18.700","16","3264","18.746"
"Windows","default","windows-default-mqtt_without_etherbird-5","manual","1","3","2000","14.928","31.471","133977","8.700","11.000","14.600","16","3648","19.140"
"Windows","default","windows-default-mqtt_without_etherbird-5","manual","1","4","2000","15.355","30.683","130246","8.600","11.300","15.600","16","3539","19.589"
"Windows","default","windows-default-mqtt_without_etherbird-5","manual","1","5","2000","16.050","31.754","124611","8.500","11.500","21.900","16","3422","20.541"
"Windows","default","windows-default-mqtt_without_etherbird-5","manual","3","1","6000","47.489","60.637","126345","21.600","26.800","71.300","16","10716","59.450"
"Windows","default","windows-default-mqtt_without_etherbird-5","manual","3","2","6000","45.835","60.828","130903","21.900","26.600","46.800","16","10695","58.082"
"Windows","default","windows-default-mqtt_without_etherbird-5","manual","3","3","6000","46.795","63.023","128219","22.300","27.100","65.200","16","10564","58.978"
"Windows","default","windows-default-mqtt_without_etherbird-5","manual","3","4","6000","47.880","62.873","125315","22.800","31.100","50.800","16","10499","60.516"
"Windows","default","windows-default-mqtt_without_etherbird-5","manual","3","5","6000","46.622","63.013","128693","21.700","26.200","58.600","16","10693","58.812"
"Windows","default","windows-default-mqtt_without_etherbird-5","manual","16","1","32000","243.778","249.837","131267","116.000","145.900","299.000","16","55351","309.769"
"Windows","default","windows-default-mqtt_without_etherbird-5","manual","16","2","32000","240.201","249.387","133222","118.100","128.800","249.700","16","54313","307.931"
"Windows","default","windows-default-mqtt_without_etherbird-5","manual","16","3","32000","242.525","251.939","131945","117.300","135.500","284.000","16","55048","308.217"
"Windows","default","windows-default-mqtt_without_etherbird-5","manual","16","4","32000","240.511","248.041","133050","116.800","137.800","250.500","16","54485","306.235"
"Windows","default","windows-default-mqtt_without_etherbird-5","manual","16","5","32000","243.804","248.929","131253","116.200","137.400","296.600","16","55370","309.045"
"Windows","default","windows-default-mqtt_with_etherbird-1","etherbird","1","1","2000","13.152","16.014","152064","3.200","13.400","31.400","16","4891","25.164"
"Windows","default","windows-default-mqtt_with_etherbird-1","etherbird","1","2","2000","14.042","31.164","142430","3.400","14.500","32.300","16","4975","25.840"
"Windows","default","windows-default-mqtt_with_etherbird-1","etherbird","1","3","2000","13.564","15.443","147450","3.300","13.200","37.100","16","5084","25.200"
"Windows","default","windows-default-mqtt_with_etherbird-1","etherbird","1","4","2000","13.391","15.517","149351","3.400","13.400","23.700","16","4944","25.443"
"Windows","default","windows-default-mqtt_with_etherbird-1","etherbird","1","5","2000","14.877","30.651","134439","4.800","14.200","22.900","16","4947","27.083"
"Windows","default","windows-default-mqtt_with_etherbird-1","etherbird","3","1","6000","39.705","46.969","151113","9.100","115.200","126.600","16","12235","75.839"
"Windows","default","windows-default-mqtt_with_etherbird-1","etherbird","3","2","6000","51.209","61.747","117166","14.000","118.300","193.700","16","9711","97.756"
"Windows","default","windows-default-mqtt_with_etherbird-1","etherbird","3","3","6000","40.232","46.347","149135","9.500","115.500","129.900","16","11856","76.319"
"Windows","default","windows-default-mqtt_with_etherbird-1","etherbird","3","4","6000","38.953","38.954","154031","9.000","115.100","127.000","16","12609","72.429"
"Windows","default","windows-default-mqtt_with_etherbird-1","etherbird","3","5","6000","38.822","38.823","154550","8.900","115.400","124.500","16","12705","71.682"
"Windows","default","windows-default-mqtt_with_etherbird-1","etherbird","16","1","32000","209.748","209.749","152564","63.000","173.400","292.800","16","67421","393.825"
"Windows","default","windows-default-mqtt_with_etherbird-1","etherbird","16","2","32000","228.432","228.432","140086","80.100","226.300","350.600","16","60295","435.682"
"Windows","default","windows-default-mqtt_with_etherbird-1","etherbird","16","3","32000","208.057","208.058","153804","62.900","172.900","232.500","16","66784","392.229"
"Windows","default","windows-default-mqtt_with_etherbird-1","etherbird","16","4","32000","208.921","210.912","153168","63.300","175.100","256.200","16","66291","394.004"
"Windows","default","windows-default-mqtt_with_etherbird-1","etherbird","16","5","32000","208.941","219.917","153153","66.500","180.300","243.700","16","64377","398.857"
"Windows","default","windows-default-mqtt_with_etherbird-4","etherbird","1","1","2000","13.764","30.960","145306","3.200","13.400","29.500","16","4912","26.027"
"Windows","default","windows-default-mqtt_with_etherbird-4","etherbird","1","2","2000","14.270","15.474","140150","3.300","14.700","51.400","16","4986","25.902"
"Windows","default","windows-default-mqtt_with_etherbird-4","etherbird","1","3","2000","14.252","30.312","140332","3.500","13.000","23.300","16","5119","26.792"
"Windows","default","windows-default-mqtt_with_etherbird-4","etherbird","1","4","2000","13.048","15.176","153275","3.300","13.100","36.600","16","5067","24.933"
"Windows","default","windows-default-mqtt_with_etherbird-4","etherbird","1","5","2000","12.827","15.283","155924","3.400","12.600","16.600","16","4951","25.071"
"Windows","default","windows-default-mqtt_with_etherbird-4","etherbird","3","1","6000","39.205","47.218","153043","9.000","116.200","125.000","16","12630","73.855"
"Windows","default","windows-default-mqtt_with_etherbird-4","etherbird","3","2","6000","39.775","46.971","150847","9.000","116.200","125.700","16","12241","73.411"
"Windows","default","windows-default-mqtt_with_etherbird-4","etherbird","3","3","6000","40.367","46.864","148636","9.000","116.000","125.700","16","12400","73.610"
"Windows","default","windows-default-mqtt_with_etherbird-4","etherbird","3","4","6000","39.711","47.387","151092","8.900","115.600","125.200","16","12763","73.539"
"Windows","default","windows-default-mqtt_with_etherbird-4","etherbird","3","5","6000","39.892","45.649","150405","8.900","115.600","125.800","16","12841","73.635"
"Windows","default","windows-default-mqtt_with_etherbird-4","etherbird","16","1","32000","207.387","207.387","154301","61.800","173.500","232.700","16","67736","393.231"
"Windows","default","windows-default-mqtt_with_etherbird-4","etherbird","16","2","32000","211.967","211.968","150967","61.500","175.500","323.300","16","67734","394.513"
"Windows","default","windows-default-mqtt_with_etherbird-4","etherbird","16","3","32000","208.008","210.123","153840","62.200","173.200","250.000","16","67482","393.419"
"Windows","default","windows-default-mqtt_with_etherbird-4","etherbird","16","4","32000","210.871","218.768","151752","64.300","176.600","291.300","16","67225","396.862"
"Windows","default","windows-default-mqtt_with_etherbird-4","etherbird","16","5","32000","210.543","210.543","151988","63.200","174.000","287.900","16","67468","396.023"
"Windows","default","windows-default-mqtt_with_supervisor-2","supervisor","1","1","2000","14.896","30.853","134265","8.300","12.000","20.100","16","3228","19.298"
"Windows","default","windows-default-mqtt_with_supervisor-2","supervisor","1","2","2000","15.139","31.106","132113","8.300","10.900","16.800","16","3813","19.049"
"Windows","default","windows-default-mqtt_with_supervisor-2","supervisor","1","3","2000","15.612","30.670","128110","8.500","12.800","22.300","16","3300","20.039"
"Windows","default","windows-default-mqtt_with_supervisor-2","supervisor","1","4","2000","15.220","31.413","131405","8.100","11.400","18.300","16","3565","19.491"
"Windows","default","windows-default-mqtt_with_supervisor-2","supervisor","1","5","2000","15.027","31.018","133093","8.600","13.200","19.200","16","3488","19.255"
"Windows","default","windows-default-mqtt_with_supervisor-2","supervisor","3","1","6000","46.059","47.518","130268","21.600","26.400","70.000","16","10353","58.042"
"Windows","default","windows-default-mqtt_with_supervisor-2","supervisor","3","2","6000","46.862","63.194","128037","22.000","26.500","41.400","16","11204","59.023"
"Windows","default","windows-default-mqtt_with_supervisor-2","supervisor","3","3","6000","43.717","46.865","137247","21.700","25.700","31.900","16","10634","55.659"
"Windows","default","windows-default-mqtt_with_supervisor-2","supervisor","3","4","6000","43.541","46.364","137801","21.600","26.700","49.000","16","9982","56.398"
"Windows","default","windows-default-mqtt_with_supervisor-2","supervisor","3","5","6000","44.626","61.239","134450","21.700","29.500","35.200","16","10268","56.536"
"Windows","default","windows-default-mqtt_with_supervisor-2","supervisor","16","1","32000","229.900","236.239","139191","113.400","125.200","179.500","16","53169","297.168"
"Windows","default","windows-default-mqtt_with_supervisor-2","supervisor","16","2","32000","244.843","247.045","130696","113.500","175.600","352.500","16","52282","312.295"
"Windows","default","windows-default-mqtt_with_supervisor-2","supervisor","16","3","32000","235.625","250.870","135809","115.800","127.700","202.200","16","54404","301.798"
"Windows","default","windows-default-mqtt_with_supervisor-2","supervisor","16","4","32000","232.599","235.832","137576","113.000","125.400","234.500","16","54642","298.235"
"Windows","default","windows-default-mqtt_with_supervisor-2","supervisor","16","5","32000","231.684","233.501","138119","113.100","127.200","230.700","16","54693","296.488"
"Windows","default","windows-default-mqtt_with_supervisor-3","supervisor","1","1","2000","14.555","29.906","137414","8.600","11.600","20.800","16","3251","19.039"
"Windows","default","windows-default-mqtt_with_supervisor-3","supervisor","1","2","2000","15.885","29.633","125903","8.500","13.500","17.900","16","3516","20.092"
"Windows","default","windows-default-mqtt_with_supervisor-3","supervisor","1","3","2000","14.642","31.505","136590","8.400","10.300","14.500","16","3463","19.144"
"Windows","default","windows-default-mqtt_with_supervisor-3","supervisor","1","4","2000","14.176","30.155","141088","8.500","11.200","16.500","16","3252","18.178"
"Windows","default","windows-default-mqtt_with_supervisor-3","supervisor","1","5","2000","14.980","31.438","133514","8.200","13.200","17.500","16","3370","19.662"
"Windows","default","windows-default-mqtt_with_supervisor-3","supervisor","3","1","6000","45.931","47.477","130631","21.500","26.000","63.500","16","10590","58.118"
"Windows","default","windows-default-mqtt_with_supervisor-3","supervisor","3","2","6000","46.133","62.576","130058","21.400","26.200","65.600","16","10386","58.311"
"Windows","default","windows-default-mqtt_with_supervisor-3","supervisor","3","3","6000","45.951","62.839","130575","21.500","26.800","39.100","16","10677","58.160"
"Windows","default","windows-default-mqtt_with_supervisor-3","supervisor","3","4","6000","45.630","62.936","131492","22.300","25.500","33.600","16","10395","58.009"
"Windows","default","windows-default-mqtt_with_supervisor-3","supervisor","3","5","6000","43.721","46.887","137235","21.500","27.300","47.600","16","9897","56.126"
"Windows","default","windows-default-mqtt_with_supervisor-3","supervisor","16","1","32000","236.604","249.102","135247","114.500","127.900","248.000","16","55251","302.101"
"Windows","default","windows-default-mqtt_with_supervisor-3","supervisor","16","2","32000","242.721","249.714","131839","115.900","136.300","275.300","16","55279","308.227"
"Windows","default","windows-default-mqtt_with_supervisor-3","supervisor","16","3","32000","241.694","249.353","132399","115.500","146.100","267.600","16","54444","308.421"
"Windows","default","windows-default-mqtt_with_supervisor-3","supervisor","16","4","32000","240.207","249.884","133218","116.200","129.900","286.400","16","55814","306.637"
"Windows","default","windows-default-mqtt_with_supervisor-3","supervisor","16","5","32000","240.838","249.894","132869","114.700","129.300","380.400","16","55302","305.024"
"Windows","two","windows-two-mqtt_without_etherbird-0","manual","1","1","2000","15.872","32.077","126012","8.600","11.600","16.300","2","3544","19.860"
"Windows","two","windows-two-mqtt_without_etherbird-0","manual","1","2","2000","16.041","31.496","124678","8.500","11.600","18.400","2","3557","20.492"
"Windows","two","windows-two-mqtt_without_etherbird-0","manual","1","3","2000","16.224","30.331","123273","8.200","12.900","21.500","2","3513","20.534"
"Windows","two","windows-two-mqtt_without_etherbird-0","manual","1","4","2000","15.783","31.708","126719","8.500","11.800","19.100","2","3570","19.983"
"Windows","two","windows-two-mqtt_without_etherbird-0","manual","1","5","2000","16.253","31.236","123053","8.500","11.200","16.100","2","3647","20.433"
"Windows","two","windows-two-mqtt_without_etherbird-0","manual","3","1","6000","46.353","62.138","129442","22.900","27.400","39.500","2","10150","59.099"
"Windows","two","windows-two-mqtt_without_etherbird-0","manual","3","2","6000","48.239","62.363","124380","22.400","28.200","49.800","2","10668","60.902"
"Windows","two","windows-two-mqtt_without_etherbird-0","manual","3","3","6000","48.500","62.011","123712","23.700","28.100","51.700","2","10437","61.700"
"Windows","two","windows-two-mqtt_without_etherbird-0","manual","3","4","6000","48.986","63.192","122484","23.300","28.300","57.000","2","10653","61.609"
"Windows","two","windows-two-mqtt_without_etherbird-0","manual","3","5","6000","47.783","62.056","125569","22.200","27.700","56.400","2","10627","60.281"
"Windows","two","windows-two-mqtt_without_etherbird-0","manual","16","1","32000","252.690","265.131","126637","125.500","135.800","252.200","2","55004","317.485"
"Windows","two","windows-two-mqtt_without_etherbird-0","manual","16","2","32000","255.745","265.313","125125","120.800","157.300","402.700","2","57584","320.950"
"Windows","two","windows-two-mqtt_without_etherbird-0","manual","16","3","32000","242.141","247.927","132154","118.300","131.300","218.800","2","54729","308.531"
"Windows","two","windows-two-mqtt_without_etherbird-0","manual","16","4","32000","254.738","266.499","125619","120.600","153.900","405.400","2","56563","318.587"
"Windows","two","windows-two-mqtt_without_etherbird-0","manual","16","5","32000","253.858","266.656","126055","121.100","156.900","336.400","2","55397","320.785"
"Windows","two","windows-two-mqtt_without_etherbird-5","manual","1","1","2000","15.401","30.645","129862","8.000","10.600","14.900","2","3349","20.120"
"Windows","two","windows-two-mqtt_without_etherbird-5","manual","1","2","2000","15.147","31.808","132041","7.800","11.700","18.600","2","3164","19.072"
"Windows","two","windows-two-mqtt_without_etherbird-5","manual","1","3","2000","15.242","30.941","131216","8.300","13.000","20.700","2","3314","19.800"
"Windows","two","windows-two-mqtt_without_etherbird-5","manual","1","4","2000","14.965","31.120","133643","8.500","11.500","16.900","2","3463","19.517"
"Windows","two","windows-two-mqtt_without_etherbird-5","manual","1","5","2000","14.372","30.182","139159","8.400","14.500","18.200","2","3293","18.788"
"Windows","two","windows-two-mqtt_without_etherbird-5","manual","3","1","6000","46.770","61.853","128287","21.600","26.900","79.100","2","10619","59.081"
"Windows","two","windows-two-mqtt_without_etherbird-5","manual","3","2","6000","45.713","61.498","131252","22.400","26.800","50.200","2","10348","57.769"
"Windows","two","windows-two-mqtt_without_etherbird-5","manual","3","3","6000","45.971","47.518","130516","21.600","26.000","65.400","2","10577","58.132"
"Windows","two","windows-two-mqtt_without_etherbird-5","manual","3","4","6000","46.864","61.977","128030","21.500","26.500","67.500","2","10790","59.383"
"Windows","two","windows-two-mqtt_without_etherbird-5","manual","3","5","6000","48.392","62.392","123986","23.000","27.900","61.400","2","10764","61.312"
"Windows","two","windows-two-mqtt_without_etherbird-5","manual","16","1","32000","242.940","248.196","131720","117.900","137.100","289.500","2","53781","310.745"
"Windows","two","windows-two-mqtt_without_etherbird-5","manual","16","2","32000","239.266","249.746","133743","114.200","144.700","294.600","2","54012","305.255"
"Windows","two","windows-two-mqtt_without_etherbird-5","manual","16","3","32000","238.582","251.997","134126","115.900","153.300","241.500","2","53678","305.152"
"Windows","two","windows-two-mqtt_without_etherbird-5","manual","16","4","32000","240.662","248.549","132966","115.000","134.800","344.900","2","55022","305.802"
"Windows","two","windows-two-mqtt_without_etherbird-5","manual","16","5","32000","242.898","248.792","131743","114.500","152.700","340.000","2","53595","308.702"
"Windows","two","windows-two-mqtt_with_etherbird-1","etherbird","1","1","2000","18.475","30.245","108256","8.700","19.300","36.200","2","2495","27.365"
"Windows","two","windows-two-mqtt_with_etherbird-1","etherbird","1","2","2000","16.887","30.883","118436","8.600","15.900","29.200","2","2507","24.947"
"Windows","two","windows-two-mqtt_with_etherbird-1","etherbird","1","3","2000","17.745","30.292","112710","8.900","13.200","26.900","2","2777","25.500"
"Windows","two","windows-two-mqtt_with_etherbird-1","etherbird","1","4","2000","15.928","30.994","125566","8.700","12.500","17.700","2","2560","23.480"
"Windows","two","windows-two-mqtt_with_etherbird-1","etherbird","1","5","2000","16.623","31.521","120312","8.900","13.000","24.600","2","2799","24.308"
"Windows","two","windows-two-mqtt_with_etherbird-1","etherbird","3","1","6000","40.487","40.487","148196","7.600","112.500","139.300","2","5048","66.240"
"Windows","two","windows-two-mqtt_with_etherbird-1","etherbird","3","2","6000","39.211","39.212","153017","7.600","112.400","122.800","2","5306","63.632"
"Windows","two","windows-two-mqtt_with_etherbird-1","etherbird","3","3","6000","40.530","40.530","148040","7.600","112.200","129.200","2","5202","65.916"
"Windows","two","windows-two-mqtt_with_etherbird-1","etherbird","3","4","6000","40.721","40.721","147346","7.500","112.600","186.300","2","5503","65.439"
"Windows","two","windows-two-mqtt_with_etherbird-1","etherbird","3","5","6000","39.649","39.649","151328","7.600","111.900","123.100","2","5126","63.943"
"Windows","two","windows-two-mqtt_with_etherbird-1","etherbird","16","1","32000","220.474","220.475","145142","95.200","223.100","338.700","2","25871","361.715"
"Windows","two","windows-two-mqtt_with_etherbird-1","etherbird","16","2","32000","211.891","214.572","151021","83.900","192.600","372.400","2","25669","348.689"
"Windows","two","windows-two-mqtt_with_etherbird-1","etherbird","16","3","32000","206.097","206.098","155267","90.600","171.300","300.700","2","25356","342.471"
"Windows","two","windows-two-mqtt_with_etherbird-1","etherbird","16","4","32000","212.256","214.390","150761","90.200","189.000","371.300","2","26431","347.405"
"Windows","two","windows-two-mqtt_with_etherbird-1","etherbird","16","5","32000","208.826","208.827","153238","87.400","174.500","364.500","2","25856","345.039"
"Windows","two","windows-two-mqtt_with_etherbird-4","etherbird","1","1","2000","15.216","31.815","131442","7.000","13.300","24.700","2","1857","23.611"
"Windows","two","windows-two-mqtt_with_etherbird-4","etherbird","1","2","2000","14.711","16.046","135952","7.500","13.400","21.400","2","1949","22.726"
"Windows","two","windows-two-mqtt_with_etherbird-4","etherbird","1","3","2000","14.690","31.432","136151","7.300","13.200","18.800","2","2064","22.766"
"Windows","two","windows-two-mqtt_with_etherbird-4","etherbird","1","4","2000","15.444","30.876","129497","7.800","13.500","28.400","2","2112","23.824"
"Windows","two","windows-two-mqtt_with_etherbird-4","etherbird","1","5","2000","15.912","30.818","125690","7.400","14.800","27.000","2","2056","24.685"
"Windows","two","windows-two-mqtt_with_etherbird-4","etherbird","3","1","6000","41.551","41.552","144399","7.500","114.700","157.700","2","5032","66.985"
"Windows","two","windows-two-mqtt_with_etherbird-4","etherbird","3","2","6000","40.915","40.915","146647","7.500","114.100","150.600","2","5223","66.093"
"Windows","two","windows-two-mqtt_with_etherbird-4","etherbird","3","3","6000","40.070","55.096","149739","7.500","114.200","128.900","2","5235","64.924"
"Windows","two","windows-two-mqtt_with_etherbird-4","etherbird","3","4","6000","40.507","47.155","148122","7.400","113.800","130.700","2","5422","64.414"
"Windows","two","windows-two-mqtt_with_etherbird-4","etherbird","3","5","6000","40.937","40.937","146568","7.500","114.100","141.600","2","5347","65.002"
"Windows","two","windows-two-mqtt_with_etherbird-4","etherbird","16","1","32000","211.398","211.399","151373","92.400","178.700","369.800","2","25235","345.852"
"Windows","two","windows-two-mqtt_with_etherbird-4","etherbird","16","2","32000","210.574","210.574","151966","81.600","186.400","351.500","2","24201","348.140"
"Windows","two","windows-two-mqtt_with_etherbird-4","etherbird","16","3","32000","213.526","213.527","149865","87.000","193.500","363.700","2","24357","350.627"
"Windows","two","windows-two-mqtt_with_etherbird-4","etherbird","16","4","32000","209.834","209.834","152502","86.700","172.500","378.900","2","25409","345.173"
"Windows","two","windows-two-mqtt_with_etherbird-4","etherbird","16","5","32000","212.010","221.604","150936","80.000","183.000","400.100","2","24714","349.892"
"Windows","two","windows-two-mqtt_with_supervisor-2","supervisor","1","1","2000","16.217","31.125","123324","8.500","14.400","19.200","2","3151","20.344"
"Windows","two","windows-two-mqtt_with_supervisor-2","supervisor","1","2","2000","16.106","30.918","124174","8.200","14.000","21.900","2","3320","20.568"
"Windows","two","windows-two-mqtt_with_supervisor-2","supervisor","1","3","2000","15.257","30.029","131084","8.500","11.700","17.400","2","3141","19.416"
"Windows","two","windows-two-mqtt_with_supervisor-2","supervisor","1","4","2000","15.545","29.722","128658","8.500","12.400","20.300","2","3456","19.777"
"Windows","two","windows-two-mqtt_with_supervisor-2","supervisor","1","5","2000","15.707","31.114","127330","8.300","14.300","19.900","2","3421","19.657"
"Windows","two","windows-two-mqtt_with_supervisor-2","supervisor","3","1","6000","47.660","62.419","125893","22.600","27.600","50.400","2","10956","60.059"
"Windows","two","windows-two-mqtt_with_supervisor-2","supervisor","3","2","6000","45.573","47.388","131657","21.600","27.100","42.400","2","10554","57.912"
"Windows","two","windows-two-mqtt_with_supervisor-2","supervisor","3","3","6000","45.244","61.990","132613","21.500","26.500","57.500","2","9801","57.571"
"Windows","two","windows-two-mqtt_with_supervisor-2","supervisor","3","4","6000","45.993","62.601","130454","22.600","26.100","48.200","2","10013","57.613"
"Windows","two","windows-two-mqtt_with_supervisor-2","supervisor","3","5","6000","46.275","62.310","129659","21.700","27.000","64.800","2","10177","58.565"
"Windows","two","windows-two-mqtt_with_supervisor-2","supervisor","16","1","32000","250.753","260.571","127616","117.600","168.900","406.000","2","54070","319.154"
"Windows","two","windows-two-mqtt_with_supervisor-2","supervisor","16","2","32000","239.008","249.802","133887","113.600","135.800","316.700","2","53707","306.050"
"Windows","two","windows-two-mqtt_with_supervisor-2","supervisor","16","3","32000","234.625","249.900","136388","114.600","127.600","226.000","2","53222","302.439"
"Windows","two","windows-two-mqtt_with_supervisor-2","supervisor","16","4","32000","241.966","250.174","132250","116.000","139.100","305.100","2","54388","307.660"
"Windows","two","windows-two-mqtt_with_supervisor-2","supervisor","16","5","32000","235.578","251.974","135836","113.400","128.300","301.700","2","54360","300.124"
"Windows","two","windows-two-mqtt_with_supervisor-3","supervisor","1","1","2000","16.098","31.215","124237","8.500","11.000","19.500","2","3581","20.206"
"Windows","two","windows-two-mqtt_with_supervisor-3","supervisor","1","2","2000","15.586","31.300","128319","7.500","10.700","17.300","2","3358","19.523"
"Windows","two","windows-two-mqtt_with_supervisor-3","supervisor","1","3","2000","15.098","31.289","132467","8.100","12.000","17.800","2","3329","19.302"
"Windows","two","windows-two-mqtt_with_supervisor-3","supervisor","1","4","2000","15.075","30.745","132672","7.800","12.100","19.600","2","3412","19.377"
"Windows","two","windows-two-mqtt_with_supervisor-3","supervisor","1","5","2000","14.856","31.959","134624","8.700","10.700","16.700","2","3535","19.200"
"Windows","two","windows-two-mqtt_with_supervisor-3","supervisor","3","1","6000","43.650","45.815","137458","21.400","26.700","50.100","2","9770","56.091"
"Windows","two","windows-two-mqtt_with_supervisor-3","supervisor","3","2","6000","48.726","60.661","123138","22.600","27.900","68.200","2","10583","61.178"
"Windows","two","windows-two-mqtt_with_supervisor-3","supervisor","3","3","6000","46.458","61.889","129149","21.400","26.700","68.500","2","10460","59.011"
"Windows","two","windows-two-mqtt_with_supervisor-3","supervisor","3","4","6000","46.685","62.237","128522","21.700","26.200","52.200","2","10845","58.565"
"Windows","two","windows-two-mqtt_with_supervisor-3","supervisor","3","5","6000","46.279","62.666","129647","21.600","26.400","63.600","2","10488","58.177"
"Windows","two","windows-two-mqtt_with_supervisor-3","supervisor","16","1","32000","241.899","251.541","132286","115.300","141.200","328.900","2","54928","306.890"
"Windows","two","windows-two-mqtt_with_supervisor-3","supervisor","16","2","32000","235.294","237.327","136000","116.400","128.700","210.700","2","54429","300.415"
"Windows","two","windows-two-mqtt_with_supervisor-3","supervisor","16","3","32000","237.567","251.355","134699","117.400","129.300","213.300","2","54244","303.390"
"Windows","two","windows-two-mqtt_with_supervisor-3","supervisor","16","4","32000","239.804","249.545","133442","114.100","144.300","332.600","2","55315","304.861"
"Windows","two","windows-two-mqtt_with_supervisor-3","supervisor","16","5","32000","238.868","251.668","133965","115.000","131.900","280.400","2","53528","304.119"
