"platform","runtime","run","implementation","user_seconds","system_seconds","voluntary_context_switches","involuntary_context_switches"
"Ubuntu-WSL","current","linux-current-mqtt_without_etherbird-0","manual","0.18","0.15","107","2"
"Ubuntu-WSL","current","linux-current-mqtt_without_etherbird-5","manual","0.16","0.17","106","4"
"Ubuntu-WSL","current","linux-current-mqtt_with_etherbird-1","etherbird","0.63","0.20","117","4"
"Ubuntu-WSL","current","linux-current-mqtt_with_etherbird-4","etherbird","0.52","0.28","117","7"
"Ubuntu-WSL","current","linux-current-mqtt_with_supervisor-2","supervisor","0.17","0.16","108","0"
"Ubuntu-WSL","current","linux-current-mqtt_with_supervisor-3","supervisor","0.18","0.14","108","6"
"Ubuntu-WSL","default","linux-default-mqtt_without_etherbird-0","manual","0.28","0.40","14001","4"
"Ubuntu-WSL","default","linux-default-mqtt_without_etherbird-5","manual","0.29","0.36","13103","5"
"Ubuntu-WSL","default","linux-default-mqtt_with_etherbird-1","etherbird","2.49","4.84","192174","65"
"Ubuntu-WSL","default","linux-default-mqtt_with_etherbird-4","etherbird","2.17","4.97","192196","114"
"Ubuntu-WSL","default","linux-default-mqtt_with_supervisor-2","supervisor","0.25","0.43","13379","5"
"Ubuntu-WSL","default","linux-default-mqtt_with_supervisor-3","supervisor","0.26","0.38","12666","3"
"Ubuntu-WSL","two","linux-two-mqtt_without_etherbird-0","manual","0.29","0.31","11380","5"
"Ubuntu-WSL","two","linux-two-mqtt_without_etherbird-5","manual","0.30","0.35","13007","6"
"Ubuntu-WSL","two","linux-two-mqtt_with_etherbird-1","etherbird","1.82","2.91","112727","32"
"Ubuntu-WSL","two","linux-two-mqtt_with_etherbird-4","etherbird","1.81","2.98","117060","34"
"Ubuntu-WSL","two","linux-two-mqtt_with_supervisor-2","supervisor","0.29","0.31","10858","8"
"Ubuntu-WSL","two","linux-two-mqtt_with_supervisor-3","supervisor","0.25","0.28","9326","6"
