"runtime","phase","program","pass","user_seconds","system_seconds","cpu_seconds","voluntary_switches","involuntary_switches"
"current","baseline","mqtt_without_etherbird","0","0.15","0.18","0.33","106","4"
"current","baseline","mqtt_without_etherbird","1","0.19","0.13","0.32","108","1"
"current","baseline","mqtt_with_etherbird","0","0.5","0.23","0.73","114","6"
"current","baseline","mqtt_with_etherbird","1","0.5","0.22","0.72","114","3"
"current","baseline","mqtt_with_supervisor","0","0.18","0.14","0.32","110","2"
"current","baseline","mqtt_with_supervisor","1","0.15","0.18","0.33","109","6"
"current","candidate","mqtt_without_etherbird","0","0.16","0.16","0.32","104","2"
"current","candidate","mqtt_without_etherbird","1","0.15","0.18","0.33","104","2"
"current","candidate","mqtt_with_etherbird","0","0.49","0.25","0.74","116","8"
"current","candidate","mqtt_with_etherbird","1","0.49","0.23","0.72","117","2"
"current","candidate","mqtt_with_supervisor","0","0.15","0.18","0.33","110","2"
"current","candidate","mqtt_with_supervisor","1","0.21","0.13","0.34","109","2"
"default","baseline","mqtt_without_etherbird","0","0.33","0.37","0.7","14209","4"
"default","baseline","mqtt_without_etherbird","1","0.28","0.36","0.64","13564","5"
"default","baseline","mqtt_with_etherbird","0","1.97","4.32","6.29","176302","69"
"default","baseline","mqtt_with_etherbird","1","2.08","4.31","6.39","174128","107"
"default","baseline","mqtt_with_supervisor","0","0.27","0.4","0.67","13279","9"
"default","baseline","mqtt_with_supervisor","1","0.23","0.37","0.6","12165","5"
"default","candidate","mqtt_without_etherbird","0","0.28","0.41","0.69","14147","4"
"default","candidate","mqtt_without_etherbird","1","0.31","0.35","0.66","13934","6"
"default","candidate","mqtt_with_etherbird","0","1.88","4.29","6.17","171761","69"
"default","candidate","mqtt_with_etherbird","1","1.95","4.33","6.28","174110","68"
"default","candidate","mqtt_with_supervisor","0","0.26","0.39","0.65","12363","5"
"default","candidate","mqtt_with_supervisor","1","0.34","0.36","0.7","13989","5"
"two","baseline","mqtt_without_etherbird","0","0.25","0.33","0.58","10889","8"
"two","baseline","mqtt_without_etherbird","1","0.25","0.33","0.58","11136","6"
"two","baseline","mqtt_with_etherbird","0","1.44","3.02","4.46","116944","19"
"two","baseline","mqtt_with_etherbird","1","1.58","2.92","4.5","116509","17"
"two","baseline","mqtt_with_supervisor","0","0.24","0.32","0.56","9815","9"
"two","baseline","mqtt_with_supervisor","1","0.33","0.22","0.55","9444","5"
"two","candidate","mqtt_without_etherbird","0","0.29","0.27","0.56","10630","5"
"two","candidate","mqtt_without_etherbird","1","0.27","0.32","0.59","11264","9"
"two","candidate","mqtt_with_etherbird","0","1.48","2.71","4.19","104772","17"
"two","candidate","mqtt_with_etherbird","1","1.55","2.62","4.17","105054","35"
"two","candidate","mqtt_with_supervisor","0","0.26","0.27","0.53","9126","2"
"two","candidate","mqtt_with_supervisor","1","0.24","0.3","0.54","9713","3"
